gene_id,gene_name,n_cells_by_counts,mean_counts,log1p_mean_counts,pct_dropout_by_counts,total_counts,log1p_total_counts,n_cells
PA14_00010,PA14_00010,491,0.005776948730993161,0.005760326150478461,99.44491549375388,511.0,6.238324625039508,419
PA14_00020,PA14_00020,1238,0.01536374427675089,0.015246917040576558,98.60041829178678,1359.0,7.215239978730097,1062
PA14_00030,PA14_00030,43,0.0005539539879034537,0.0005538006120325995,99.95138771126561,49.0,3.912023005428146,33
PA14_00050,PA14_00050,7836,0.12009496354078344,0.11341347058832914,91.14125826691539,10623.0,9.270870871716214,6021
PA14_00090,PA14_00090,155,0.0018201345316827765,0.0018184800940545666,99.82476965688768,161.0,5.087596335232384,132
PA14_00170,PA14_00170,15,0.00016957775139901646,0.00016956337471741895,99.9830422248601,15.0,2.772588722239781,10
PA14_00180,PA14_00180,553,0.0063761234526030185,0.006355881973345928,99.37482335650895,564.0,6.336825731146441,493
PA14_00190,PA14_00190,4,4.5220733706404386e-05,4.521971127984905e-05,99.99547792662936,4.0,1.6094379124341003,3
PA14_00210,PA14_00210,18,0.00020349330167881974,0.00020347259972533063,99.97965066983213,18.0,2.9444389791664403,17
PA14_00280,PA14_00280,56,0.0006783110055960658,0.0006780810566646277,99.93669097281104,60.0,4.110873864173311,49
PA14_00290,PA14_00290,14,0.00016957775139901646,0.00016956337471741895,99.98417274320276,15.0,2.772588722239781,13
PA14_00380,PA14_00380,4,4.5220733706404386e-05,4.521971127984905e-05,99.99547792662936,4.0,1.6094379124341003,3
PA14_00450,PA14_00450,4,4.5220733706404386e-05,4.521971127984905e-05,99.99547792662936,4.0,1.6094379124341003,4
PA14_00510,PA14_00510,15,0.00016957775139901646,0.00016956337471741895,99.9830422248601,15.0,2.772588722239781,9
PA14_00530,PA14_00530,21,0.00028262958566502744,0.00028258965344752106,99.97625911480414,25.0,3.258096538021482,18
PA14_00570,PA14_00570,5,5.6525917133005484e-05,5.652431960355255e-05,99.9943474082867,5.0,1.791759469228055,3
PA14_00730,PA14_00730,3,3.391555027980329e-05,3.3914975160531515e-05,99.99660844497203,3.0,1.3862943611198906,3
PA14_00790,PA14_00790,177,0.002136679667627607,0.002134400214023872,99.79989825334916,189.0,5.247024072160486,153
PA14_00800,PA14_00800,29,0.0003730710530778362,0.00037300147937593215,99.96721496806286,33.0,3.5263605246161616,27
PA14_00820,PA14_00820,3,3.391555027980329e-05,3.3914975160531515e-05,99.99660844497203,3.0,1.3862943611198906,3
PA14_00830,PA14_00830,9,0.00010174665083940987,0.00010174147500001126,99.98982533491606,9.0,2.302585092994046,8
PA14_00900,PA14_00900,6,0.00010174665083940987,0.00010174147500001126,99.99321688994404,9.0,2.302585092994046,5
PA14_00980,PA14_00980,71,0.000813973206715279,0.0008136421101816101,99.91973319767114,72.0,4.290459441148391,56
PA14_01010,PA14_01010,96,0.0012435701769261207,0.001242797583983013,99.89147023910463,110.0,4.709530201312334,81
PA14_01020,PA14_01020,125,0.0014922842123113447,0.0014911718627165062,99.85868520716748,132.0,4.890349128221754,98
PA14_01030,PA14_01030,490,0.005550845062461138,0.005535495896372524,99.44604601209655,491.0,6.198478716492308,429
PA14_01100,PA14_01100,4,4.5220733706404386e-05,4.521971127984905e-05,99.99547792662936,4.0,1.6094379124341003,3
PA14_01160,PA14_01160,185,0.002102764117347804,0.002100556403207544,99.79085410660788,186.0,5.231108616854587,140
PA14_01220,PA14_01220,472,0.005516929512181335,0.005501766998011361,99.46639534226442,488.0,6.192362489474872,403
PA14_01240,PA14_01240,364,0.004273359335255214,0.004264254464956566,99.58849132327173,378.0,5.937536205082426,293
PA14_01320,PA14_01320,29,0.0003278503193714318,0.0003277965881990097,99.96721496806286,29.0,3.4011973816621555,26
PA14_01470,PA14_01470,231,0.00267932847210446,0.002675745470172863,99.73885026284552,237.0,5.472270673671475,210
PA14_01540,PA14_01540,103,0.0012322649934995195,0.0012315063781385646,99.88355661070601,109.0,4.700480365792417,91
PA14_01560,PA14_01560,27,0.0003278503193714318,0.0003277965881990097,99.96947600474819,29.0,3.4011973816621555,21
PA14_01580,PA14_01580,119,0.0013566220111921317,0.0013557026309585457,99.86546831722345,120.0,4.795790545596741,103
PA14_01610,PA14_01610,172,0.0020575433836413997,0.0020554295403065774,99.80555084506247,182.0,5.209486152841421,151
PA14_01620,PA14_01620,90,0.0010174665083940986,0.001016949240185232,99.8982533491606,90.0,4.51085950651685,81
PA14_01660,PA14_01660,6,6.783110055960658e-05,6.782880013453133e-05,99.99321688994404,6.0,1.9459101490553132,6
PA14_01710,PA14_01710,218,0.002668023288677859,0.0026644704325423057,99.75354700130009,236.0,5.4680601411351315,190
PA14_01720,PA14_01720,640,0.007698829913515347,0.007669345157882522,99.27646826069753,681.0,6.525029657843462,539
PA14_01730,PA14_01730,1596,0.02105025154033124,0.02083175593447031,98.19569272511447,1862.0,7.529943370601589,1340
PA14_01830,PA14_01830,554,0.006636142671414844,0.006614220409364101,99.37369283816629,587.0,6.376726947898627,480
PA14_01960,PA14_01960,190,0.002238426318467017,0.002235924774594332,99.78520151489458,198.0,5.293304824724492,157
PA14_01970,PA14_01970,3,3.391555027980329e-05,3.3914975160531515e-05,99.99660844497203,3.0,1.3862943611198906,3
PA14_02020,PA14_02020,52,0.0005991747216098581,0.0005989952881074515,99.94121304618167,53.0,3.9889840465642745,40
PA14_02050,PA14_02050,10,0.00011305183426601097,0.00011304544438898252,99.9886948165734,10.0,2.3978952727983707,9
PA14_02070,PA14_02070,3,3.391555027980329e-05,3.3914975160531515e-05,99.99660844497203,3.0,1.3862943611198906,3
PA14_02260,PA14_02260,16,0.00018088293482561754,0.00018086657748004204,99.98191170651744,16.0,2.833213344056216,13
PA14_02270,PA14_02270,180,0.0020575433836413997,0.0020554295403065774,99.79650669832118,182.0,5.209486152841421,159
PA14_02310,PA14_02310,3,3.391555027980329e-05,3.3914975160531515e-05,99.99660844497203,3.0,1.3862943611198906,3
PA14_02410,PA14_02410,167,0.0020236278333615964,0.0020215830566709414,99.81120343677577,179.0,5.19295685089021,142
PA14_02450,PA14_02450,201,0.0023966988864394323,0.0023938313844419547,99.77276581312532,212.0,5.3612921657094255,166
PA14_02470,PA14_02470,90,0.0011192131592335085,0.0011185873071166968,99.8982533491606,99.0,4.605170185988092,81
PA14_02510,PA14_02510,49,0.0006217850884630604,0.0006215918602084255,99.94460460120965,55.0,4.02535169073515,41
PA14_02660,PA14_02660,94,0.0011079079758069075,0.0011072946986934202,99.89373127578996,98.0,4.59511985013459,88
PA14_02770,PA14_02770,344,0.004149002317562603,0.0041404189408896135,99.61110169012493,367.0,5.908082938168931,266
PA14_02810,PA14_02810,232,0.0027923803063704708,0.002788488855074185,99.73771974450285,247.0,5.5134287461649825,204
PA14_03070,PA14_03070,20,0.0003956814199310384,0.00039560315868166667,99.9773896331468,35.0,3.58351893845611,18
PA14_03090,PA14_03090,15,0.00016957775139901646,0.00016956337471741895,99.9830422248601,15.0,2.772588722239781,13
PA14_03130,PA14_03130,70,0.0009383302244078911,0.0009378902677977526,99.9208637160138,83.0,4.430816798843313,62
PA14_03163,PA14_03163,384,0.004680345938612854,0.004669427175364944,99.56588095641851,414.0,6.028278520230698,353
PA14_03166,PA14_03166,369,0.004262054151828613,0.004252997323707468,99.58283873155843,377.0,5.934894195619588,332
PA14_03170,PA14_03170,36,0.00042959697021084165,0.0004295047198518054,99.95930133966424,38.0,3.6635616461296463,34
PA14_03220,PA14_03220,12,0.00014696738454581426,0.00014695658589777388,99.98643377988809,13.0,2.639057329615259,8
PA14_03250,PA14_03250,93,0.0010626872421005031,0.00106212298972706,99.89486179413261,94.0,4.553876891600541,80
PA14_03270,PA14_03270,309,0.0037307105307783617,0.0037237686902209036,99.65066983211803,330.0,5.802118375377063,255
PA14_03310,PA14_03310,4,4.5220733706404386e-05,4.521971127984905e-05,99.99547792662936,4.0,1.6094379124341003,3
PA14_03320,PA14_03320,117,0.0013792323780453337,0.001378282110728291,99.86772935390876,122.0,4.812184355372417,99
PA14_03350,PA14_03350,75,0.0008818043072748856,0.0008814157462631264,99.9152111243005,78.0,4.3694478524670215,66
PA14_03360,PA14_03360,157,0.0018088293482561755,0.0018071953865258542,99.82250862020237,160.0,5.081404364984463,139
PA14_03380,PA14_03380,101,0.0012774857272059238,0.0012766704365885333,99.88581764739133,113.0,4.736198448394496,88
PA14_03420,PA14_03420,756,0.009236334859533096,0.009193940762822947,99.14532813294896,817.0,6.706862336602747,640
PA14_03430,PA14_03430,24,0.0002713244022384263,0.00027128760042947,99.97286755977616,24.0,3.2188758248682006,19
PA14_03450,PA14_03450,518,0.006330902718896614,0.006310946736248823,99.41439149850207,560.0,6.329720905522696,439
PA14_03490,PA14_03490,3,3.391555027980329e-05,3.3914975160531515e-05,99.99660844497203,3.0,1.3862943611198906,3
PA14_03610,PA14_03610,328,0.0037307105307783617,0.0037237686902209036,99.62918998360747,330.0,5.802118375377063,284
PA14_03670,PA14_03670,58,0.0007461421061556723,0.000745863880523021,99.93442993612571,66.0,4.204692619390966,48
PA14_03700,PA14_03700,32,0.0003730710530778362,0.00037300147937593215,99.96382341303487,33.0,3.5263605246161616,30
PA14_03730,PA14_03730,302,0.0034819964953931378,0.0034759483812048177,99.65858346051665,308.0,5.733341276897746,260
PA14_03800,PA14_03800,295,0.003436775761686733,0.003430883544162908,99.66649708891526,304.0,5.720311776607412,257
PA14_03810,PA14_03810,627,0.0072240122095981,0.007198044021402282,99.29116499915212,639.0,6.461468176353717,553
PA14_03840,PA14_03840,90,0.0010626872421005031,0.00106212298972706,99.8982533491606,94.0,4.553876891600541,80
PA14_03860,PA14_03860,528,0.006421344186309423,0.0064008151913582285,99.40308631507546,568.0,6.343880434126331,439
PA14_03880,PA14_03880,17,0.00021479848510542083,0.00021477541921377231,99.98078118817479,19.0,2.995732273553991,15
PA14_03900,PA14_03900,79,0.0009948561415408965,0.0009943616001409036,99.91068905092985,88.0,4.48863636973214,66
PA14_03920,PA14_03920,514,0.006353513085749816,0.006333414607194316,99.41891357187271,562.0,6.333279628139691,446
PA14_03940,PA14_03940,13,0.00014696738454581426,0.00014695658589777388,99.98530326154543,13.0,2.639057329615259,10
PA14_03960,PA14_03960,393,0.004567294104346843,0.004556895666423722,99.55570629133457,404.0,6.003887067106539,350
PA14_04000,PA14_04000,10,0.00011305183426601097,0.00011304544438898252,99.9886948165734,10.0,2.3978952727983707,10
PA14_04010,PA14_04010,109,0.0014357582951783393,0.001434728579734411,99.87677350065005,127.0,4.852030263919617,93
PA14_04020,PA14_04020,32,0.0003956814199310384,0.00039560315868166667,99.96382341303487,35.0,3.58351893845611,29
PA14_04030,PA14_04030,11,0.00012435701769261207,0.00012434928599967425,99.98756429823074,11.0,2.4849066497880004,8
PA14_04050,PA14_04050,959,0.011983494432197163,0.011912260882659212,98.91583290938895,1060.0,6.966967138613983,817
PA14_04090,PA14_04090,107,0.0013340116443389294,0.0013331226413443816,99.87903453733537,118.0,4.77912349311153,92
PA14_04110,PA14_04110,122,0.0014696738454581426,0.001468594931823533,99.86207676219546,130.0,4.875197323201151,103
PA14_04140,PA14_04140,32,0.0003617658696512351,0.00036170044815671314,99.96382341303487,32.0,3.4965075614664802,25
PA14_04160,PA14_04160,571,0.007099655191905489,0.007074571294686993,99.35447402634108,628.0,6.444131256700441,480
PA14_04270,PA14_04270,30,0.0003617658696512351,0.00036170044815671314,99.9660844497202,32.0,3.4965075614664802,27
PA14_04310,PA14_04310,146,0.00175230343112317,0.0017507699386338908,99.83494432197162,155.0,5.049856007249537,130
PA14_04320,PA14_04320,336,0.003888983098750777,0.003881440552877492,99.6201458368662,344.0,5.84354441703136,293
PA14_04370,PA14_04370,8,9.044146741280877e-05,9.043737782987161e-05,99.99095585325873,8.0,2.1972245773362196,5
PA14_04390,PA14_04390,193,0.002193205584760613,0.0021908040201676633,99.78180995986659,194.0,5.272999558563747,167
PA14_04410,PA14_04410,410,0.004793397772878865,0.004781946022390513,99.53648747950935,424.0,6.052089168924417,362
PA14_04480,PA14_04480,12,0.00013566220111921315,0.00013565299983497514,99.98643377988809,12.0,2.5649493574615367,10
PA14_04510,PA14_04510,28,0.0003165451359448307,0.0003164950461034705,99.96834548640552,28.0,3.367295829986474,28
PA14_04660,PA14_04660,91,0.0010626872421005031,0.00106212298972706,99.89712283081793,94.0,4.553876891600541,83
PA14_04870,PA14_04870,893,0.010265106551353795,0.010212778144878249,98.99044712000452,908.0,6.812345094177479,778
PA14_04900,PA14_04900,1117,0.013068792041150868,0.01298413218209385,98.73721101124866,1156.0,7.053585727193677,982
PA14_04910,PA14_04910,234,0.002690633655531061,0.0026870203806783803,99.73545870781754,238.0,5.476463551931511,206
PA14_04920,PA14_04920,1339,0.01609858119947996,0.015970373188952093,98.48623593917812,1424.0,7.261927092702751,1138
PA14_04930,PA14_04930,531,0.006681363405121248,0.0066591420211590865,99.39969476004748,591.0,6.3835066348840055,449
PA14_04940,PA14_04940,6,6.783110055960658e-05,6.782880013453133e-05,99.99321688994404,6.0,1.9459101490553132,4
PA14_05050,PA14_05050,207,0.0024306144367192356,0.0024276652713384984,99.76598270306935,215.0,5.375278407684165,184
PA14_05060,PA14_05060,128,0.001537504946017749,0.0015363241954065646,99.85529365213951,136.0,4.919980925828125,116
PA14_05070,PA14_05070,59,0.0006670058221694647,0.0006667834726528484,99.93329941778305,59.0,4.0943445622221,53
PA14_05110,PA14_05110,50,0.0006104799050364592,0.0006102936379835724,99.94347408286698,54.0,4.007333185232471,44
PA14_05150,PA14_05150,15,0.00018088293482561754,0.00018086657748004204,99.9830422248601,16.0,2.833213344056216,11
PA14_05160,PA14_05160,27,0.0003052399525182296,0.00030519337628163404,99.96947600474819,27.0,3.332204510175204,25
PA14_05190,PA14_05190,16,0.00018088293482561754,0.00018086657748004204,99.98191170651744,16.0,2.833213344056216,11
PA14_05220,PA14_05220,121,0.001526199762591148,0.0015250363033638443,99.86320728053812,135.0,4.912654885736052,96
PA14_05230,PA14_05230,77,0.0008931094907014866,0.0008927109057226601,99.91295008761517,79.0,4.382026634673881,59
PA14_05250,PA14_05250,110,0.0013453168277655304,0.001344412699883455,99.87564298230738,119.0,4.787491742782046,95
PA14_05260,PA14_05260,14,0.00015827256797241535,0.000158260044190959,99.98417274320276,14.0,2.70805020110221,10
PA14_05300,PA14_05300,95,0.0010852976089537052,0.0010847090992706513,99.8926007574473,96.0,4.574710978503383,83
PA14_05310,PA14_05310,103,0.0012774857272059238,0.0012766704365885333,99.88355661070601,113.0,4.736198448394496,89
PA14_05320,PA14_05320,23,0.0002600192188118252,0.00025998541967357287,99.97399807811883,23.0,3.1780538303479458,20
PA14_05330,PA14_05330,306,0.0035498275959527444,0.003543541829172333,99.65406138714602,314.0,5.752572638825633,269
PA14_05340,PA14_05340,90,0.0011870442597931151,0.0011863402798042903,99.8982533491606,105.0,4.663439094112067,80
PA14_05360,PA14_05360,940,0.011802611497371544,0.011733503913454508,98.93731275789949,1044.0,6.951772164398911,809
PA14_05380,PA14_05380,5,5.6525917133005484e-05,5.652431960355255e-05,99.9943474082867,5.0,1.791759469228055,4
PA14_05390,PA14_05390,723,0.009236334859533096,0.009193940762822947,99.18263523825675,817.0,6.706862336602747,622
PA14_05460,PA14_05460,104,0.0012548753603527218,0.0012540886623375708,99.88242609236335,111.0,4.718498871295094,85
PA14_05510,PA14_05510,195,0.002340172969306427,0.0023374390289747156,99.77954892318128,207.0,5.337538079701318,171
PA14_05530,PA14_05530,670,0.007777966197501554,0.007747873756355671,99.24255271041773,688.0,6.535241271013659,575
PA14_05540,PA14_05540,121,0.0014470634786049404,0.0014460174912012426,99.86320728053812,128.0,4.859812404361672,104
PA14_05550,PA14_05550,281,0.003233282460007914,0.0032280666420592234,99.68232434571252,286.0,5.659482215759621,242
PA14_05560,PA14_05560,344,0.004510768187213837,0.004500625162844138,99.61110169012493,399.0,5.991464547107982,293
PA14_05580,PA14_05580,1769,0.020496297552427788,0.020289075189086684,98.00011305183428,1813.0,7.503289630675082,1467
PA14_05590,PA14_05590,19,0.00021479848510542083,0.00021477541921377231,99.97852015148946,19.0,2.995732273553991,18
PA14_05600,PA14_05600,667,0.008365835735684812,0.008331036082653743,99.2459442654457,740.0,6.608000625296087,566
PA14_05620,PA14_05620,756,0.009620711096037533,0.009574726754499722,99.14532813294896,851.0,6.747586526829315,643
PA14_05660,PA14_05660,9,0.00010174665083940987,0.00010174147500001126,99.98982533491606,9.0,2.302585092994046,9
PA14_05850,PA14_05850,108,0.0012322649934995195,0.0012315063781385646,99.87790401899271,109.0,4.700480365792417,99
PA14_05860,PA14_05860,26,0.0002939347690916285,0.0002938915787306133,99.97060652309084,26.0,3.295836866004329,20
PA14_05870,PA14_05870,1212,0.015284607992764683,0.015168975151782445,98.62981176869596,1352.0,7.210079628170788,1061
PA14_05880,PA14_05880,8,9.044146741280877e-05,9.043737782987161e-05,99.99095585325873,8.0,2.1972245773362196,4
PA14_06000,PA14_06000,508,0.006466564920015828,0.006445746390467164,99.42569668192867,572.0,6.35088571671474,418
PA14_06010,PA14_06010,964,0.011203436775761686,0.011141143114887685,98.91018031767565,991.0,6.899723107284872,830
PA14_06060,PA14_06060,13,0.00014696738454581426,0.00014695658589777388,99.98530326154543,13.0,2.639057329615259,12
PA14_06260,PA14_06260,4,4.5220733706404386e-05,4.521971127984905e-05,99.99547792662936,4.0,1.6094379124341003,3
PA14_06290,PA14_06290,40,0.0004522073370640439,0.00045210512213992806,99.9547792662936,40.0,3.713572066704308,30
PA14_06400,PA14_06400,4,4.5220733706404386e-05,4.521971127984905e-05,99.99547792662936,4.0,1.6094379124341003,4
PA14_06480,PA14_06480,5,5.6525917133005484e-05,5.652431960355255e-05,99.9943474082867,5.0,1.791759469228055,5
PA14_06540,PA14_06540,209,0.002464529986999039,0.002461498013541869,99.76372166638404,218.0,5.389071729816501,194
PA14_06600,PA14_06600,16,0.00020349330167881974,0.00020347259972533063,99.98191170651744,18.0,2.9444389791664403,14
PA14_06650,PA14_06650,4,4.5220733706404386e-05,4.521971127984905e-05,99.99547792662936,4.0,1.6094379124341003,3
PA14_06670,PA14_06670,7,7.913628398620767e-05,7.913315287567465e-05,99.99208637160137,7.0,2.0794415416798357,6
PA14_06720,PA14_06720,8,9.044146741280877e-05,9.043737782987161e-05,99.99095585325873,8.0,2.1972245773362196,4
PA14_06750,PA14_06750,528,0.006308292352043412,0.006288478360486761,99.40308631507546,558.0,6.326149473155099,452
PA14_06870,PA14_06870,2833,0.03445819908428014,0.03387781050866621,96.7972415352439,3048.0,8.022568946988255,2353
PA14_06890,PA14_06890,562,0.0067718048725340565,0.006748979191348647,99.36464869142502,599.0,6.396929655216146,485
PA14_06920,PA14_06920,197,0.0024306144367192356,0.0024276652713384984,99.77728788649596,215.0,5.375278407684165,163
PA14_07070,PA14_07070,447,0.0052908258436493135,0.005276878597931624,99.49465830083093,468.0,6.150602768446279,378
PA14_07090,PA14_07090,212,0.002566276637838449,0.002562989372767438,99.76033011135605,227.0,5.429345628954441,176
PA14_07130,PA14_07130,232,0.0027358543892374654,0.0027321187515073784,99.73771974450285,242.0,5.493061443340548,195
PA14_07150,PA14_07150,144,0.0016844723305635633,0.0016830551982376168,99.83720535865695,149.0,5.0106352940962555,120
PA14_07210,PA14_07210,59,0.000712226555875869,0.0007119730429077254,99.93329941778305,63.0,4.1588830833596715,52
PA14_07230,PA14_07230,307,0.0035724379628059464,0.0035660719632275833,99.65293086880335,316.0,5.75890177387728,257
PA14_07300,PA14_07300,50,0.0006330902718896614,0.0006328899547848953,99.94347408286698,56.0,4.04305126783455,38
PA14_07480,PA14_07480,81,0.0009609405912610932,0.0009604791834178188,99.90842801424454,85.0,4.454347296253507,69
PA14_07500,PA14_07500,3,3.391555027980329e-05,3.3914975160531515e-05,99.99660844497203,3.0,1.3862943611198906,3
PA14_07520,PA14_07520,1350,0.018212650500254366,0.018048786785516895,98.47380023740885,1611.0,7.385230923066573,1090
PA14_07530,PA14_07530,349,0.004295969702108417,0.0042867683672922095,99.60544909841163,380.0,5.942799375126701,295
PA14_07550,PA14_07550,9,0.00011305183426601097,0.00011304544438898252,99.98982533491606,10.0,2.3978952727983707,7
PA14_07560,PA14_07560,138,0.001616641230003957,0.001615335872244762,99.84398846871291,143.0,4.969813299576001,118
PA14_07570,PA14_07570,200,0.002351478152733028,0.0023487177544788533,99.77389633146798,208.0,5.342334251964811,175
PA14_07580,PA14_07580,30,0.0003391555027980329,0.0003390980025711387,99.9660844497202,30.0,3.4339872044851463,23
PA14_07650,PA14_07650,283,0.003278503193714318,0.0032731406197326982,99.68006330902719,290.0,5.673323267171493,256
PA14_07680,PA14_07680,606,0.00742750551127692,0.007400057422311501,99.31490588434797,657.0,6.489204931325317,517
PA14_07690,PA14_07690,7,7.913628398620767e-05,7.913315287567465e-05,99.99208637160137,7.0,2.0794415416798357,5
PA14_07710,PA14_07710,100,0.0012096546266463174,0.0012089235839684825,99.886948165734,107.0,4.68213122712422,76
PA14_07730,PA14_07730,179,0.002193205584760613,0.0021908040201676633,99.79763721666384,194.0,5.272999558563747,152
PA14_07740,PA14_07740,308,0.003595048329659149,0.00358860158968733,99.65180035046069,318.0,5.765191102784844,268
PA14_07760,PA14_07760,160,0.0018653552653891809,0.0018636176507662856,99.81911706517438,165.0,5.111987788356544,117
PA14_07770,PA14_07770,1339,0.018156124583121363,0.01799327039984141,98.48623593917812,1606.0,7.382124365737512,1114
PA14_07780,PA14_07780,89,0.0010739924255271042,0.0010734161082653986,99.89938386750326,95.0,4.564348191467836,74
PA14_07790,PA14_07790,57,0.0006670058221694647,0.0006667834726528484,99.93556045446837,59.0,4.0943445622221,53
PA14_07800,PA14_07800,392,0.00463512520490645,0.004624416091377915,99.55683680967724,410.0,6.018593214496234,331
PA14_07820,PA14_07820,695,0.008309309818551805,0.008274977557538856,99.21428975185123,735.0,6.601230118728877,592
PA14_07860,PA14_07860,268,0.0031428409925951047,0.0031379125912639684,99.69702108416709,278.0,5.631211781821365,234
PA14_07910,PA14_07910,30,0.0003391555027980329,0.0003390980025711387,99.9660844497202,30.0,3.4339872044851463,26
PA14_07930,PA14_07930,71,0.000813973206715279,0.0008136421101816101,99.91973319767114,72.0,4.290459441148391,45
PA14_07940,PA14_07940,4,4.5220733706404386e-05,4.521971127984905e-05,99.99547792662936,4.0,1.6094379124341003,4
PA14_08010,PA14_08010,3,3.391555027980329e-05,3.3914975160531515e-05,99.99660844497203,3.0,1.3862943611198906,3
PA14_08030,PA14_08030,1014,0.011723475213385338,0.011655287690252574,98.85365440054265,1037.0,6.945051063725834,761
PA14_08040,PA14_08040,3161,0.03619919733197671,0.03555940077170839,96.4264315188514,3202.0,8.071843149609158,2463
PA14_08050,PA14_08050,35,0.0003956814199310384,0.00039560315868166667,99.9604318580069,35.0,3.58351893845611,25
PA14_08120,PA14_08120,136,0.0017296930642699678,0.001728198867974196,99.84624950539822,153.0,5.0369526024136295,119
PA14_08280,PA14_08280,100,0.001175739076366514,0.001175048436467205,99.886948165734,104.0,4.653960350157523,65
PA14_08300,PA14_08300,100,0.0012435701769261207,0.001242797583983013,99.886948165734,110.0,4.709530201312334,88
PA14_08310,PA14_08310,14,0.00019218811825221863,0.00019216965248171653,99.98417274320276,17.0,2.8903717578961645,13
PA14_08320,PA14_08320,5,5.6525917133005484e-05,5.652431960355255e-05,99.9943474082867,5.0,1.791759469228055,4
PA14_08350,PA14_08350,24,0.0002713244022384263,0.00027128760042947,99.97286755977616,24.0,3.2188758248682006,16
PA14_08370,PA14_08370,291,0.0035724379628059464,0.0035660719632275833,99.67101916228592,316.0,5.75890177387728,245
PA14_08380,PA14_08380,145,0.00175230343112317,0.0017507699386338908,99.83607484031428,155.0,5.049856007249537,126
PA14_08440,PA14_08440,4,4.5220733706404386e-05,4.521971127984905e-05,99.99547792662936,4.0,1.6094379124341003,4
PA14_08450,PA14_08450,4,4.5220733706404386e-05,4.521971127984905e-05,99.99547792662936,4.0,1.6094379124341003,3
PA14_08470,PA14_08470,121,0.0014470634786049404,0.0014460174912012426,99.86320728053812,128.0,4.859812404361672,102
PA14_08480,PA14_08480,895,0.010265106551353795,0.010212778144878249,98.9881860833192,908.0,6.812345094177479,775
PA14_08510,PA14_08510,47,0.0005539539879034537,0.0005538006120325995,99.94686563789497,49.0,3.912023005428146,42
PA14_08520,PA14_08520,125,0.0017409982476965689,0.0017394844669856972,99.85868520716748,154.0,5.043425116919247,106
PA14_08540,PA14_08540,1343,0.017602170595217907,0.017449046654922407,98.48171386580748,1557.0,7.351158226430694,1111
PA14_08560,PA14_08560,584,0.006839635973093663,0.006816351772979171,99.3397772878865,605.0,6.406879986069314,491
PA14_08650,PA14_08650,117,0.0013227064609123284,0.0013218324553384473,99.86772935390876,117.0,4.770684624465665,102
PA14_08660,PA14_08660,12,0.00014696738454581426,0.00014695658589777388,99.98643377988809,13.0,2.639057329615259,10
PA14_08680,PA14_08680,762,0.009620711096037533,0.009574726754499722,99.138545022893,851.0,6.747586526829315,629
PA14_08695,PA14_08695,62,0.0007687524730088745,0.0007684571341784408,99.92990786275507,68.0,4.23410650459726,48
PA14_08710,PA14_08710,64,0.000813973206715279,0.0008136421101816101,99.92764682606975,72.0,4.290459441148391,57
PA14_08720,PA14_08720,2339,0.03310157707308801,0.03256551741656368,97.355717596518,2928.0,7.982416346827733,1950
PA14_08730,PA14_08730,1736,0.023153015657679046,0.022889051207152372,98.03742015714205,2048.0,7.6251071482389,1497
PA14_08740,PA14_08740,784,0.010966027923803063,0.010906337024504288,99.11367361935447,970.0,6.878326468291325,650
PA14_08750,PA14_08750,137,0.0017183878808433666,0.0017169131415965121,99.84511898705557,152.0,5.030437921392435,120
PA14_08760,PA14_08760,4213,0.06828330789667063,0.06605297492642365,95.23712622237296,6040.0,8.706324840138741,3309
PA14_08780,PA14_08780,6637,0.12003843762365045,0.11336300402494,92.49674975976485,10618.0,9.270400128403846,5172
PA14_08790,PA14_08790,623,0.008026680232886779,0.00799463778389943,99.29568707252275,710.0,6.566672429803241,539
PA14_08810,PA14_08810,893,0.01113560567520208,0.01107406128621188,98.99044712000452,985.0,6.893656354602635,748
PA14_08820,PA14_08820,5324,0.09548357922107287,0.09119589064033408,93.98112034367757,8446.0,9.041566627727496,4171
PA14_08830,PA14_08830,2000,0.029212593974337234,0.028794038014340266,97.73896331467978,2584.0,7.85748078694253,1636
PA14_08840,PA14_08840,42,0.0005087332541970493,0.0005086038933066846,99.95251822960827,45.0,3.828641396489095,40
PA14_08850,PA14_08850,1163,0.01525069244248488,0.015135569625391757,98.68520716748628,1349.0,7.2078598714324755,967
PA14_08860,PA14_08860,1188,0.015420270193883897,0.015302586099171487,98.6569442089198,1364.0,7.21890970761906,1001
PA14_08870,PA14_08870,565,0.006760499689107456,0.006737749986432384,99.36125713639704,598.0,6.395261598115449,479
PA14_08880,PA14_08880,1518,0.02115199819117065,0.020931399983865492,98.28387315584195,1871.0,7.534762657037537,1300
PA14_08890,PA14_08890,569,0.007291843310157707,0.007265386356186477,99.3567350630264,645.0,6.470799503782602,479
PA14_08900,PA14_08900,2791,0.037454072692329435,0.03676970485838941,96.84472330563564,3313.0,8.105911197986508,2312
PA14_08910,PA14_08910,2698,0.04104912102198858,0.04022897489998209,96.94986151150302,3631.0,8.197538739721184,2198
PA14_08920,PA14_08920,513,0.0065230908371488325,0.006501907550546847,99.42004409021537,577.0,6.359573868672378,445
PA14_08930,PA14_08930,401,0.00505341699169069,0.00504069133407533,99.5466621445933,447.0,6.104793232414985,322
PA14_08940,PA14_08940,971,0.012865298739472049,0.012783243808390873,98.90226668927703,1138.0,7.037905963447182,839
PA14_08950,PA14_08950,1308,0.016539483353117404,0.01640419578456444,98.52128200780058,1463.0,7.288927694521257,1105
PA14_08960,PA14_08960,1109,0.01465151772087502,0.01454522124702014,98.74625515798994,1296.0,7.167809184316444,925
PA14_08970,PA14_08970,1600,0.02175117291278051,0.021517991406568005,98.19117065174382,1924.0,7.562681246721884,1354
PA14_08980,PA14_08980,154,0.0019105759990955854,0.001908753170170938,99.82590017523034,169.0,5.135798437050262,136
PA14_08990,PA14_08990,126,0.0015601153128709513,0.0015588995972496762,99.85755468882482,138.0,4.9344739331306915,112
PA14_09000,PA14_09000,2697,0.03782714374540727,0.037129242692724024,96.95099202984568,3346.0,8.115819701211327,2186
PA14_09010,PA14_09010,673,0.00845627720309762,0.008420723186829378,99.23916115538974,748.0,6.618738983517219,569
PA14_09020,PA14_09020,2267,0.03420948504889492,0.03363735232537146,97.43711491718953,3026.0,8.01532730902172,1877
PA14_09030,PA14_09030,830,0.010559041320445424,0.010503683982948387,99.06166977559211,934.0,6.840546529288687,709
PA14_09040,PA14_09040,8866,0.1690011870442598,0.15614969792505293,89.97682437397548,14949.0,9.612466578818832,6674
PA14_09050,PA14_09050,1685,0.022859080888587416,0.022601726638925273,98.09507659261772,2022.0,7.612336837167746,1378
PA14_09070,PA14_09070,30,0.00042959697021084165,0.0004295047198518054,99.9660844497202,38.0,3.6635616461296463,27
PA14_09080,PA14_09080,8836,0.15404442937086654,0.14327266766616428,90.01073992425526,13626.0,9.51980839774982,6698
PA14_09090,PA14_09090,3190,0.04959583969249901,0.0484051754922282,96.39364648691425,4387.0,8.38662882139512,2557
PA14_09100,PA14_09100,392,0.004725566672319258,0.00471443623344548,99.55683680967724,418.0,6.037870919922137,338
PA14_09115,PA14_09115,2562,0.035294782657848627,0.03468620032765114,97.1036120061048,3122.0,8.046549357283078,2113
PA14_09130,PA14_09130,352,0.004510768187213837,0.004500625162844138,99.60205754338364,399.0,5.991464547107982,307
PA14_09150,PA14_09150,1408,0.018936182239556835,0.018759124447741263,98.40823017353456,1675.0,7.424165281042028,1174
PA14_09160,PA14_09160,36,0.0004069866033576395,0.000406903806773955,99.95930133966424,36.0,3.6109179126442243,28
PA14_09180,PA14_09180,404,0.005030806624837488,0.005018194399281746,99.54327058956531,445.0,6.100318952020064,341
PA14_09280,PA14_09280,25,0.0002939347690916285,0.0002938915787306133,99.9717370414335,26.0,3.295836866004329,16
PA14_09580,PA14_09580,5,5.6525917133005484e-05,5.652431960355255e-05,99.9943474082867,5.0,1.791759469228055,5
PA14_09660,PA14_09660,150,0.0017862189814029732,0.001784625589427372,99.83042224860098,158.0,5.0689042022202315,126
PA14_09750,PA14_09750,41,0.00048612288734384713,0.0004860047678918764,99.95364874795094,43.0,3.784189633918261,35
PA14_09790,PA14_09790,15,0.00016957775139901646,0.00016956337471741895,99.9830422248601,15.0,2.772588722239781,12
PA14_09900,PA14_09900,224,0.0026114973715448534,0.0026080933374135764,99.74676389124414,231.0,5.44673737166631,193
PA14_09950,PA14_09950,14,0.00016957775139901646,0.00016956337471741895,99.98417274320276,15.0,2.772588722239781,12
PA14_09970,PA14_09970,16,0.00018088293482561754,0.00018086657748004204,99.98191170651744,16.0,2.833213344056216,13
PA14_10040,PA14_10040,24,0.0002713244022384263,0.00027128760042947,99.97286755977616,24.0,3.2188758248682006,18
PA14_10340,PA14_10340,78,0.0009383302244078911,0.0009378902677977526,99.91181956927251,83.0,4.430816798843313,72
PA14_10350,PA14_10350,47,0.0005313436210502516,0.0005312025080125651,99.94686563789497,47.0,3.8712010109078907,41
PA14_10500,PA14_10500,78,0.0009496354078344921,0.0009491847893901743,99.91181956927251,84.0,4.442651256490317,68
PA14_10530,PA14_10530,87,0.0009835509581142955,0.0009830675887903021,99.90164490418857,87.0,4.477336814478207,71
PA14_10540,PA14_10540,18,0.00020349330167881974,0.00020347259972533063,99.97965066983213,18.0,2.9444389791664403,15
PA14_10550,PA14_10550,16,0.00018088293482561754,0.00018086657748004204,99.98191170651744,16.0,2.833213344056216,13
PA14_10680,PA14_10680,39,0.00046351252049064496,0.00046340513174505645,99.95590978463625,41.0,3.7376696182833684,33
PA14_10700,PA14_10700,164,0.0018766604488157821,0.0018749017216078024,99.81459499180374,166.0,5.117993812416755,145
PA14_10750,PA14_10750,78,0.0009609405912610932,0.0009604791834178188,99.91181956927251,85.0,4.454347296253507,67
PA14_10770,PA14_10770,193,0.0022045107681872137,0.0022020843996397484,99.78180995986659,195.0,5.278114659230518,176
PA14_10840,PA14_10840,4,4.5220733706404386e-05,4.521971127984905e-05,99.99547792662936,4.0,1.6094379124341003,4
PA14_11000,PA14_11000,328,0.0037759312644847663,0.0037688203306713813,99.62918998360747,334.0,5.814130531825066,286
PA14_11170,PA14_11170,6,6.783110055960658e-05,6.782880013453133e-05,99.99321688994404,6.0,1.9459101490553132,6
PA14_11240,PA14_11240,4,4.5220733706404386e-05,4.521971127984905e-05,99.99547792662936,4.0,1.6094379124341003,4
PA14_11250,PA14_11250,55,0.0006557006387428636,0.0006554857610042226,99.93782149115368,58.0,4.07753744390572,46
PA14_11260,PA14_11260,247,0.0028715165903566786,0.0028674016621000466,99.72076196936295,254.0,5.541263545158426,208
PA14_11270,PA14_11270,1727,0.02434005991747216,0.02404856125087203,98.04759482222599,2153.0,7.675081857716334,1467
PA14_11340,PA14_11340,268,0.003176756542874908,0.0031717213127903845,99.69702108416709,281.0,5.641907070938114,233
PA14_11410,PA14_11410,125,0.0014470634786049404,0.0014460174912012426,99.85868520716748,128.0,4.859812404361672,87
PA14_11420,PA14_11420,5,5.6525917133005484e-05,5.652431960355255e-05,99.9943474082867,5.0,1.791759469228055,5
PA14_11470,PA14_11470,16,0.00019218811825221863,0.00019216965248171653,99.98191170651744,17.0,2.8903717578961645,15
PA14_11480,PA14_11480,53,0.0006104799050364592,0.0006102936379835724,99.94008252783901,54.0,4.007333185232471,43
PA14_11550,PA14_11550,319,0.0038098468147645696,0.003802607729101229,99.63936464869143,337.0,5.823045895483019,283
PA14_11630,PA14_11630,310,0.00350460686224634,0.003498480038183825,99.64953931377536,310.0,5.739792912179234,267
PA14_11690,PA14_11690,13,0.00014696738454581426,0.00014695658589777388,99.98530326154543,13.0,2.639057329615259,10
PA14_11720,PA14_11720,235,0.0028602114069300774,0.0028561287852053793,99.73432818947488,253.0,5.537334267018537,200
PA14_11790,PA14_11790,19,0.00022610366853202194,0.00022607811094992958,99.97852015148946,20.0,3.044522437723423,14
PA14_11830,PA14_11830,301,0.0034593861285399357,0.0034534162165388055,99.65971397885932,306.0,5.726847747587197,272
PA14_11960,PA14_11960,83,0.0009383302244078911,0.0009378902677977526,99.90616697755921,83.0,4.430816798843313,65
PA14_11970,PA14_11970,88,0.0010626872421005031,0.00106212298972706,99.90051438584591,94.0,4.553876891600541,78
PA14_11980,PA14_11980,33,0.0003956814199310384,0.00039560315868166667,99.96269289469222,35.0,3.58351893845611,30
PA14_12020,PA14_12020,5,5.6525917133005484e-05,5.652431960355255e-05,99.9943474082867,5.0,1.791759469228055,3
PA14_12060,PA14_12060,124,0.0014809790288847437,0.0014798834609847456,99.85981572551015,131.0,4.882801922586371,110
PA14_12070,PA14_12070,239,0.002950652874342886,0.0029463082423861614,99.72980611610424,261.0,5.568344503761097,204
PA14_12080,PA14_12080,57,0.0007348369227290713,0.0007345670622717613,99.93556045446837,65.0,4.189654742026425,47
PA14_12090,PA14_12090,137,0.0017636086145497712,0.0017620552829216516,99.84511898705557,156.0,5.056245805348308,109
PA14_12100,PA14_12100,1639,0.019083149624102652,0.018903350150120814,98.14708043638008,1688.0,7.4318919168078,1360
PA14_12110,PA14_12110,60,0.0006783110055960658,0.0006780810566646277,99.9321688994404,60.0,4.110873864173311,53
PA14_12160,PA14_12160,536,0.006183935334350799,0.00616489326918546,99.39404216833418,547.0,6.306275286948016,463
PA14_12200,PA14_12200,60,0.0008252783901418801,0.0008249380351767882,99.9321688994404,73.0,4.304065093204169,51
PA14_12230,PA14_12230,669,0.00804929059973998,0.008017067858143916,99.24368322876037,712.0,6.569481420414296,574
PA14_12300,PA14_12300,140,0.0016731671471369623,0.0016717689623664536,99.84172743202758,148.0,5.003946305945459,117
PA14_12310,PA14_12310,296,0.003742015714204963,0.003735031790614668,99.66536657057262,331.0,5.805134968916488,249
PA14_12330,PA14_12330,197,0.0023288677858798257,0.0023261601762594943,99.77728788649596,206.0,5.332718793265369,173
PA14_12350,PA14_12350,31,0.000350460686224634,0.0003503992892227442,99.96495393137754,31.0,3.4657359027997265,24
PA14_12370,PA14_12370,25,0.00028262958566502744,0.00028258965344752106,99.9717370414335,25.0,3.258096538021482,21
PA14_12390,PA14_12390,394,0.0048499236900118705,0.004838200698575305,99.55457577299191,429.0,6.063785208687608,344
PA14_12400,PA14_12400,357,0.004239443784975411,0.00423048266103245,99.59640495167034,375.0,5.929589143389895,306
PA14_12410,PA14_12410,2752,0.03262675936917076,0.032105807682323344,96.88881352099938,2886.0,7.967973179662935,2268
PA14_12550,PA14_12550,74,0.0009722457746876943,0.0009717734498835676,99.91634164264315,86.0,4.465908118654584,65
PA14_12610,PA14_12610,173,0.0020575433836413997,0.0020554295403065774,99.80442032671981,182.0,5.209486152841421,153
PA14_12630,PA14_12630,25,0.0002939347690916285,0.0002938915787306133,99.9717370414335,26.0,3.295836866004329,20
PA14_12700,PA14_12700,650,0.007450115878130123,0.007422500836853531,99.26516307727093,659.0,6.492239835020471,564
PA14_12900,PA14_12900,696,0.008037985416313379,0.008005852883910201,99.21315923350856,711.0,6.568077911411976,615
PA14_12990,PA14_12990,219,0.0025323610875586456,0.002529160064178897,99.75241648295744,224.0,5.41610040220442,192
PA14_13010,PA14_13010,38,0.00042959697021084165,0.0004295047198518054,99.95704030297891,38.0,3.6635616461296463,34
PA14_13090,PA14_13090,30,0.0003391555027980329,0.0003390980025711387,99.9660844497202,30.0,3.4339872044851463,27
PA14_13170,PA14_13170,84,0.0010400768752473009,0.001039536370039602,99.90503645921656,92.0,4.532599493153256,74
PA14_13190,PA14_13190,445,0.005483013961901532,0.005468036961973241,99.49691933751626,485.0,6.186208623900494,391
PA14_13300,PA14_13300,51,0.0006896161890226669,0.0006893785130424444,99.94234356452434,61.0,4.127134385045092,39
PA14_13320,PA14_13320,245,0.0028602114069300774,0.0028561287852053793,99.72302300604827,253.0,5.537334267018537,215
PA14_13340,PA14_13340,4,4.5220733706404386e-05,4.521971127984905e-05,99.99547792662936,4.0,1.6094379124341003,3
PA14_13380,PA14_13380,13,0.00018088293482561754,0.00018086657748004204,99.98530326154543,16.0,2.833213344056216,13
PA14_13410,PA14_13410,51,0.0007235317393024702,0.0007232701164009573,99.94234356452434,64.0,4.174387269895637,43
PA14_13500,PA14_13500,118,0.0013566220111921317,0.0013557026309585457,99.86659883556611,120.0,4.795790545596741,103
PA14_13510,PA14_13510,262,0.0029958736080492906,0.0029913949215344474,99.70380419422305,265.0,5.583496308781699,213
PA14_13680,PA14_13680,95,0.0011644338929399129,0.0011637564656229536,99.8926007574473,103.0,4.6443908991413725,86
PA14_13730,PA14_13730,89,0.0010966027923803065,0.0010960019627456984,99.89938386750326,97.0,4.584967478670572,81
PA14_13740,PA14_13740,147,0.0017636086145497712,0.0017620552829216516,99.83381380362897,156.0,5.056245805348308,128
PA14_13900,PA14_13900,15,0.00016957775139901646,0.00016956337471741895,99.9830422248601,15.0,2.772588722239781,12
PA14_13940,PA14_13940,376,0.004646430388333051,0.00463566905231338,99.5749251031598,411.0,6.021023349349527,327
PA14_13950,PA14_13950,44,0.0005652591713300549,0.0005650994725426374,99.95025719292295,50.0,3.9318256327243257,39
PA14_13960,PA14_13960,10,0.00013566220111921315,0.00013565299983497514,99.9886948165734,12.0,2.5649493574615367,9
PA14_13990,PA14_13990,16,0.00018088293482561754,0.00018086657748004204,99.98191170651744,16.0,2.833213344056216,16
PA14_14020,PA14_14020,3,3.391555027980329e-05,3.3914975160531515e-05,99.99660844497203,3.0,1.3862943611198906,3
PA14_14040,PA14_14040,251,0.002928042507489684,0.002923764140485866,99.7162398959923,259.0,5.560681631015528,207
PA14_14060,PA14_14060,3,3.391555027980329e-05,3.3914975160531515e-05,99.99660844497203,3.0,1.3862943611198906,3
PA14_14100,PA14_14100,4982,0.057396416256853766,0.05580967561056964,94.36775761686734,5077.0,8.532672762264625,4005
PA14_14110,PA14_14110,209,0.002543666270985247,0.0025404366275335686,99.76372166638404,225.0,5.420534999272286,183
PA14_14340,PA14_14340,180,0.0021592900344808096,0.0021569621182495457,99.79650669832118,191.0,5.2574953720277815,155
PA14_14360,PA14_14360,482,0.005810864281272964,0.005794046329198603,99.45509015883782,514.0,6.244166900663736,421
PA14_14380,PA14_14380,64,0.0007348369227290713,0.0007345670622717613,99.92764682606975,65.0,4.189654742026425,46
PA14_14390,PA14_14390,4,4.5220733706404386e-05,4.521971127984905e-05,99.99547792662936,4.0,1.6094379124341003,3
PA14_14440,PA14_14440,790,0.009858119947996156,0.009809845686575447,99.10689050929852,872.0,6.771935555839602,689
PA14_14470,PA14_14470,559,0.006918772257079871,0.00689494738177069,99.36804024645299,612.0,6.418364935936212,460
PA14_14500,PA14_14500,370,0.004284664518681816,0.004275511479483863,99.58170821321576,379.0,5.940171252720432,327
PA14_14510,PA14_14510,83,0.0010061613249674976,0.0010056554839382532,99.90616697755921,89.0,4.499809670330265,73
PA14_14550,PA14_14550,5,6.783110055960658e-05,6.782880013453133e-05,99.9943474082867,6.0,1.9459101490553132,5
PA14_14570,PA14_14570,15,0.00016957775139901646,0.00016956337471741895,99.9830422248601,15.0,2.772588722239781,13
PA14_14590,PA14_14590,149,0.0019105759990955854,0.001908753170170938,99.83155276694364,169.0,5.135798437050262,118
PA14_14600,PA14_14600,5,5.6525917133005484e-05,5.652431960355255e-05,99.9943474082867,5.0,1.791759469228055,4
PA14_14630,PA14_14630,72,0.0009383302244078911,0.0009378902677977526,99.91860267932847,83.0,4.430816798843313,56
PA14_14660,PA14_14660,67,0.0008478887569950823,0.0008475295023805865,99.92425527104177,75.0,4.330733340286331,56
PA14_14690,PA14_14690,4,4.5220733706404386e-05,4.521971127984905e-05,99.99547792662936,4.0,1.6094379124341003,3
PA14_14710,PA14_14710,23,0.00028262958566502744,0.00028258965344752106,99.97399807811883,25.0,3.258096538021482,21
PA14_14730,PA14_14730,489,0.006014357582951784,0.005996343526948455,99.44717653043921,532.0,6.278521424165844,421
PA14_14740,PA14_14740,80,0.0009609405912610932,0.0009604791834178188,99.9095585325872,85.0,4.454347296253507,71
PA14_14750,PA14_14750,496,0.005810864281272964,0.005794046329198603,99.43926290204058,514.0,6.244166900663736,422
PA14_14770,PA14_14770,1001,0.012040020349330167,0.011968115883092644,98.86835113899724,1065.0,6.97166860472579,855
PA14_14800,PA14_14800,36,0.00042959697021084165,0.0004295047198518054,99.95930133966424,38.0,3.6635616461296463,35
PA14_14820,PA14_14820,994,0.011463455994573511,0.011398248445650312,98.87626476739585,1014.0,6.922643891475888,860
PA14_14830,PA14_14830,351,0.004250748968402013,0.004241740055733714,99.6031880617263,376.0,5.932245187448011,296
PA14_14850,PA14_14850,995,0.01288790910632525,0.01280556673180185,98.87513424905319,1140.0,7.039660349862076,845
PA14_14860,PA14_14860,103,0.0011983494432197162,0.0011976319956370897,99.88355661070601,106.0,4.672828834461906,81
PA14_14880,PA14_14880,636,0.007664914363235543,0.007635688156381609,99.28099033406818,678.0,6.520621127558696,561
PA14_14890,PA14_14890,437,0.005336046577355718,0.00532186032411295,99.50596348425753,472.0,6.159095388491933,358
PA14_14900,PA14_14900,22,0.00024871403538522413,0.00024868311117694214,99.97512859646149,22.0,3.1354942159291497,16
PA14_14910,PA14_14910,244,0.0028376010400768753,0.0028335826501756215,99.72415352439093,251.0,5.529429087511423,205
PA14_14930,PA14_14930,441,0.00525691029336951,0.005243140975418682,99.5014414108869,465.0,6.144185634125646,382
PA14_14975,PA14_14975,35,0.0003956814199310384,0.00039560315868166667,99.9604318580069,35.0,3.58351893845611,29
PA14_15000,PA14_15000,3,3.391555027980329e-05,3.3914975160531515e-05,99.99660844497203,3.0,1.3862943611198906,3
PA14_15030,PA14_15030,13,0.00018088293482561754,0.00018086657748004204,99.98530326154543,16.0,2.833213344056216,11
PA14_15070,PA14_15070,242,0.0027471595726640667,0.0027433930264306916,99.72641456107625,243.0,5.497168225293202,212
PA14_15090,PA14_15090,1042,0.012616584704086824,0.012537658756588367,98.82199988694816,1116.0,7.018401799069201,899
PA14_15110,PA14_15110,80,0.0009157198575546888,0.000915300841907051,99.9095585325872,81.0,4.406719247264253,69
PA14_15120,PA14_15120,21,0.00024871403538522413,0.00024868311117694214,99.97625911480414,22.0,3.1354942159291497,14
PA14_15130,PA14_15130,212,0.0023966988864394323,0.0023938313844419547,99.76033011135605,212.0,5.3612921657094255,183
PA14_15160,PA14_15160,222,0.0026454129218246567,0.002641919975894603,99.74902492792945,234.0,5.459585514144159,185
PA14_15180,PA14_15180,6,6.783110055960658e-05,6.782880013453133e-05,99.99321688994404,6.0,1.9459101490553132,4
PA14_15200,PA14_15200,7,7.913628398620767e-05,7.913315287567465e-05,99.99208637160137,7.0,2.0794415416798357,5
PA14_15310,PA14_15310,1044,0.012107851449889774,0.012035137765762417,98.81973885026285,1071.0,6.977281341630747,882
PA14_15340,PA14_15340,1627,0.021785088463060313,0.021551184407273636,98.160646656492,1927.0,7.564238475170491,1216
PA14_15350,PA14_15350,182,0.0022045107681872137,0.0022020843996397484,99.79424566163586,195.0,5.278114659230518,162
PA14_15360,PA14_15360,523,0.006477870103442428,0.006456978874812007,99.40873890678876,573.0,6.352629396319567,454
PA14_15380,PA14_15380,181,0.002102764117347804,0.002100556403207544,99.79537617997852,186.0,5.231108616854587,160
PA14_15460,PA14_15460,91,0.0011305183426601098,0.0011298797880184084,99.89712283081793,100.0,4.61512051684126,82
PA14_15530,PA14_15530,95,0.0010739924255271042,0.0010734161082653986,99.8926007574473,95.0,4.564348191467836,83
PA14_15540,PA14_15540,407,0.004827313323158668,0.004815699207850595,99.53987903453734,427.0,6.059123195581797,359
PA14_15580,PA14_15580,922,0.011915663331637556,0.01184523076376737,98.95766208806738,1054.0,6.961296045910167,785
PA14_15590,PA14_15590,1566,0.019625798428579505,0.01943569569930807,98.22960827539427,1736.0,7.459914766241105,1299
PA14_15600,PA14_15600,30,0.0003391555027980329,0.0003390980025711387,99.9660844497202,30.0,3.4339872044851463,25
PA14_15610,PA14_15610,672,0.008501497936804025,0.008465563722681294,99.2402916737324,752.0,6.6240652277998935,579
PA14_15680,PA14_15680,4,4.5220733706404386e-05,4.521971127984905e-05,99.99547792662936,4.0,1.6094379124341003,4
PA14_15700,PA14_15700,10,0.00011305183426601097,0.00011304544438898252,99.9886948165734,10.0,2.3978952727983707,9
PA14_15740,PA14_15740,970,0.01227742920128879,0.012202672822864897,98.90339720761969,1086.0,6.99117688712121,825
PA14_15810,PA14_15810,3,3.391555027980329e-05,3.3914975160531515e-05,99.99660844497203,3.0,1.3862943611198906,3
PA14_15840,PA14_15840,153,0.0018427448985359788,0.0018410491270853045,99.82703069357301,163.0,5.099866427824199,135
PA14_15870,PA14_15870,181,0.002091458933921203,0.002089274878396531,99.79537617997852,185.0,5.225746673713202,160
PA14_15890,PA14_15890,111,0.001390537561471935,0.0013895716594287018,99.87451246396472,123.0,4.820281565605037,99
PA14_15930,PA14_15930,314,0.0037872364479113675,0.0037800829236582837,99.64501724040473,335.0,5.817111159963204,279
PA14_15940,PA14_15940,577,0.00670397377197445,0.006681602070347538,99.34769091628512,593.0,6.386879319362645,491
PA14_15960,PA14_15960,330,0.0038324571816177717,0.003825132027188742,99.62692894692216,339.0,5.8289456176102075,279
PA14_15970,PA14_15970,20,0.00022610366853202194,0.00022607811094992958,99.9773896331468,20.0,3.044522437723423,17
PA14_15980,PA14_15980,1266,0.0165055678028376,0.016370831496583055,98.5687637781923,1460.0,7.2868764117507,1065
PA14_15990,PA14_15990,1106,0.014798485105420835,0.014690055940752978,98.74964671301791,1309.0,7.177782416195197,944
PA14_16000,PA14_16000,491,0.005652591713300548,0.005636675766161654,99.44491549375388,500.0,6.2166061010848646,425
PA14_16050,PA14_16050,12,0.00014696738454581426,0.00014695658589777388,99.98643377988809,13.0,2.639057329615259,11
PA14_16070,PA14_16070,10,0.00011305183426601097,0.00011304544438898252,99.9886948165734,10.0,2.3978952727983707,8
PA14_16090,PA14_16090,11,0.00012435701769261207,0.00012434928599967425,99.98756429823074,11.0,2.4849066497880004,10
PA14_16130,PA14_16130,301,0.0035272172290995423,0.003521011187498705,99.65971397885932,312.0,5.746203190540153,251
PA14_16150,PA14_16150,24,0.0002939347690916285,0.0002938915787306133,99.97286755977616,26.0,3.295836866004329,22
PA14_16190,PA14_16190,202,0.0025323610875586456,0.002529160064178897,99.77163529478266,224.0,5.41610040220442,177
PA14_16200,PA14_16200,3,3.391555027980329e-05,3.3914975160531515e-05,99.99660844497203,3.0,1.3862943611198906,3
PA14_16220,PA14_16220,8,9.044146741280877e-05,9.043737782987161e-05,99.99095585325873,8.0,2.1972245773362196,5
PA14_16250,PA14_16250,250,0.0029393476909162853,0.0029350362549655806,99.71737041433497,260.0,5.564520407322694,210
PA14_16330,PA14_16330,197,0.0023966988864394323,0.0023938313844419547,99.77728788649596,212.0,5.3612921657094255,166
PA14_16430,PA14_16430,24,0.00028262958566502744,0.00028258965344752106,99.97286755977616,25.0,3.258096538021482,20
PA14_16480,PA14_16480,70,0.0008478887569950823,0.0008475295023805865,99.9208637160138,75.0,4.330733340286331,62
PA14_16510,PA14_16510,10,0.00012435701769261207,0.00012434928599967425,99.9886948165734,11.0,2.4849066497880004,8
PA14_16590,PA14_16590,8,9.044146741280877e-05,9.043737782987161e-05,99.99095585325873,8.0,2.1972245773362196,7
PA14_16630,PA14_16630,594,0.007585778079249336,0.0075571507472903645,99.32847210445989,671.0,6.51025834052315,501
PA14_16640,PA14_16640,392,0.0048499236900118705,0.004838200698575305,99.55683680967724,429.0,6.063785208687608,347
PA14_16700,PA14_16700,754,0.009055451924707478,0.009014697170301463,99.14758916963427,801.0,6.687108607866515,645
PA14_16790,PA14_16790,971,0.011700864846532134,0.011632939074189693,98.90226668927703,1035.0,6.943122422819428,823
PA14_16800,PA14_16800,303,0.003662879430218755,0.0036561874237222482,99.65745294217399,324.0,5.783825182329737,268
PA14_16860,PA14_16860,331,0.003888983098750777,0.003881440552877492,99.6257984285795,344.0,5.84354441703136,279
PA14_16890,PA14_16890,7,7.913628398620767e-05,7.913315287567465e-05,99.99208637160137,7.0,2.0794415416798357,7
PA14_16950,PA14_16950,206,0.002441919620145837,0.0024389429792572607,99.76711322141202,216.0,5.37989735354046,181
PA14_16990,PA14_16990,116,0.001424453111751738,0.0014234395408266184,99.86885987225142,126.0,4.844187086458591,100
PA14_17010,PA14_17010,278,0.0033350291108473237,0.0033294802349480295,99.68571590074049,295.0,5.69035945432406,237
PA14_17040,PA14_17040,182,0.0021592900344808096,0.0021569621182495457,99.79424566163586,191.0,5.2574953720277815,153
PA14_17060,PA14_17060,2433,0.031496241026510656,0.03101040934076563,97.24944887230795,2786.0,7.932721027481948,1999
PA14_17070,PA14_17070,437,0.005121248092250297,0.0051081791019430235,99.50596348425753,453.0,6.118097198041348,359
PA14_17080,PA14_17080,3,3.391555027980329e-05,3.3914975160531515e-05,99.99660844497203,3.0,1.3862943611198906,3
PA14_17100,PA14_17100,740,0.009134588208693686,0.009093120195341796,99.16341642643151,808.0,6.695798917058491,644
PA14_17120,PA14_17120,158,0.0018540500819625798,0.0018523334525930777,99.82137810185971,164.0,5.10594547390058,131
PA14_17140,PA14_17140,97,0.0011192131592335085,0.0011185873071166968,99.89033972076197,99.0,4.605170185988092,85
PA14_17150,PA14_17150,704,0.008704991238482845,0.008667321255646896,99.20411508676729,770.0,6.647688373563329,612
PA14_17180,PA14_17180,484,0.005856085014979368,0.0058390047988198706,99.45282912215251,518.0,6.251903883165888,407
PA14_17210,PA14_17210,13,0.00014696738454581426,0.00014695658589777388,99.98530326154543,13.0,2.639057329615259,10
PA14_17250,PA14_17250,11,0.00012435701769261207,0.00012434928599967425,99.98756429823074,11.0,2.4849066497880004,10
PA14_17260,PA14_17260,154,0.0019105759990955854,0.001908753170170938,99.82590017523034,169.0,5.135798437050262,134
PA14_17270,PA14_17270,330,0.004035950483296591,0.0040278278827525,99.62692894692216,357.0,5.8805329864007,286
PA14_17290,PA14_17290,1218,0.015940308631507548,0.015814596083420774,98.62302865863998,1410.0,7.2520539518528135,1000
PA14_17310,PA14_17310,127,0.001627946413430558,0.0016266227450474687,99.85642417048216,144.0,4.976733742420574,100
PA14_17320,PA14_17320,567,0.007190096659318298,0.0071643711533125615,99.35899609971172,636.0,6.456769655572163,471
PA14_17330,PA14_17330,602,0.007450115878130123,0.007422500836853531,99.3194279577186,659.0,6.492239835020471,505
PA14_17340,PA14_17340,207,0.0023966988864394323,0.0023938313844419547,99.76598270306935,212.0,5.3612921657094255,187
PA14_17370,PA14_17370,374,0.004397716352947827,0.004388074655685291,99.57718613984513,389.0,5.966146739123692,322
PA14_17400,PA14_17400,780,0.009518964445198123,0.009473944572704144,99.11819569272512,842.0,6.736966958001855,676
PA14_17460,PA14_17460,8,0.00010174665083940987,0.00010174147500001126,99.99095585325873,9.0,2.302585092994046,7
PA14_17480,PA14_17480,148,0.00175230343112317,0.0017507699386338908,99.83268328528631,155.0,5.049856007249537,126
PA14_17490,PA14_17490,7,9.044146741280877e-05,9.043737782987161e-05,99.99208637160137,8.0,2.1972245773362196,7
PA14_17500,PA14_17500,2791,0.0319597535470013,0.031459667797941945,96.84472330563564,2827.0,7.947325027016463,2308
PA14_17530,PA14_17530,8,9.044146741280877e-05,9.043737782987161e-05,99.99095585325873,8.0,2.1972245773362196,4
PA14_17540,PA14_17540,5,5.6525917133005484e-05,5.652431960355255e-05,99.9943474082867,5.0,1.791759469228055,5
PA14_17550,PA14_17550,159,0.0018540500819625798,0.0018523334525930777,99.82024758351704,164.0,5.10594547390058,128
PA14_17570,PA14_17570,569,0.006986603357639478,0.0069623101301962975,99.3567350630264,618.0,6.428105272684596,496
PA14_17580,PA14_17580,196,0.0022949522356000224,0.0022923228548186307,99.77841840483862,203.0,5.318119993844216,172
PA14_17600,PA14_17600,4,4.5220733706404386e-05,4.521971127984905e-05,99.99547792662936,4.0,1.6094379124341003,4
PA14_17650,PA14_17650,117,0.0014809790288847437,0.0014798834609847456,99.86772935390876,131.0,4.882801922586371,105
PA14_17670,PA14_17670,403,0.004657735571759651,0.004646921886621139,99.54440110790797,412.0,6.023447592961033,356
PA14_17690,PA14_17690,67,0.0009270250409812899,0.000926595618637672,99.92425527104177,82.0,4.418840607796598,44
PA14_17930,PA14_17930,575,0.007201401842744899,0.007175595568660945,99.34995195297044,637.0,6.45833828334479,494
PA14_17960,PA14_17960,381,0.004386411169521226,0.0043768189082191225,99.5692725114465,388.0,5.963579343618446,331
PA14_17980,PA14_17980,248,0.0029619580577694873,0.002957580102750475,99.71963145102029,262.0,5.572154032177765,205
PA14_18090,PA14_18090,6,6.783110055960658e-05,6.782880013453133e-05,99.99321688994404,6.0,1.9459101490553132,6
PA14_18100,PA14_18100,16,0.00019218811825221863,0.00019216965248171653,99.98191170651744,17.0,2.8903717578961645,15
PA14_18160,PA14_18160,288,0.0033689446611271266,0.0033632824805470965,99.67441071731389,298.0,5.700443573390686,248
PA14_18300,PA14_18300,18,0.00020349330167881974,0.00020347259972533063,99.97965066983213,18.0,2.9444389791664403,14
PA14_18330,PA14_18330,661,0.007913628398620767,0.00788247986543282,99.25272737550166,700.0,6.55250788703459,544
PA14_18340,PA14_18340,77,0.0010174665083940986,0.001016949240185232,99.91295008761517,90.0,4.51085950651685,68
PA14_18360,PA14_18360,8,9.044146741280877e-05,9.043737782987161e-05,99.99095585325873,8.0,2.1972245773362196,7
PA14_18500,PA14_18500,651,0.00784579729806116,0.00781517907574482,99.26403255892828,694.0,6.543911845564792,570
PA14_18590,PA14_18590,359,0.0041603075009892035,0.004151677349513673,99.59414391498503,368.0,5.910796644040527,298
PA14_18600,PA14_18600,691,0.008184952800859194,0.008151637739364791,99.21881182522186,724.0,6.586171654854675,587
PA14_18610,PA14_18610,544,0.006477870103442428,0.006456978874812007,99.38499802159289,573.0,6.352629396319567,451
PA14_18630,PA14_18630,281,0.003289808377140919,0.0032844087967108053,99.68232434571252,291.0,5.676753802268282,250
PA14_18640,PA14_18640,12,0.00013566220111921315,0.00013565299983497514,99.98643377988809,12.0,2.5649493574615367,9
PA14_18670,PA14_18670,262,0.0030863150754620993,0.0030815621818633334,99.70380419422305,273.0,5.6131281063880705,233
PA14_18690,PA14_18690,1885,0.025301000508733254,0.02498622851390762,97.8689729240857,2238.0,7.713784616598755,1567
PA14_18710,PA14_18710,6,6.783110055960658e-05,6.782880013453133e-05,99.99321688994404,6.0,1.9459101490553132,6
PA14_18740,PA14_18740,675,0.008071900966593182,0.008039497429291456,99.23690011870443,714.0,6.5722825426940075,578
PA14_18890,PA14_18890,7,7.913628398620767e-05,7.913315287567465e-05,99.99208637160137,7.0,2.0794415416798357,7
PA14_18920,PA14_18920,244,0.0027584647560906675,0.0027546671742461628,99.72415352439093,244.0,5.501258210544727,210
PA14_18950,PA14_18950,411,0.004680345938612854,0.004669427175364944,99.5353569611667,414.0,6.028278520230698,355
PA14_18970,PA14_18970,177,0.0020688485670680005,0.002066711446948919,99.79989825334916,183.0,5.214935757608986,153
PA14_19050,PA14_19050,580,0.006884856706800068,0.006861264305829011,99.34429936125714,609.0,6.413458957167357,506
PA14_19065,PA14_19065,5,5.6525917133005484e-05,5.652431960355255e-05,99.9943474082867,5.0,1.791759469228055,4
PA14_19120,PA14_19120,175,0.0020010174665083943,0.0019990180977946218,99.80215929003448,177.0,5.181783550292085,156
PA14_19140,PA14_19140,266,0.0033237239274207225,0.0033182125658342814,99.6992821208524,294.0,5.68697535633982,220
PA14_19170,PA14_19170,14,0.00016957775139901646,0.00016956337471741895,99.98417274320276,15.0,2.772588722239781,12
PA14_19210,PA14_19210,5,5.6525917133005484e-05,5.652431960355255e-05,99.9943474082867,5.0,1.791759469228055,4
PA14_19290,PA14_19290,212,0.002464529986999039,0.002461498013541869,99.76033011135605,218.0,5.389071729816501,185
PA14_19310,PA14_19310,81,0.0010400768752473009,0.001039536370039602,99.90842801424454,92.0,4.532599493153256,66
PA14_19330,PA14_19330,55,0.0006217850884630604,0.0006215918602084255,99.93782149115368,55.0,4.02535169073515,47
PA14_19340,PA14_19340,5,5.6525917133005484e-05,5.652431960355255e-05,99.9943474082867,5.0,1.791759469228055,4
PA14_19350,PA14_19350,8,9.044146741280877e-05,9.043737782987161e-05,99.99095585325873,8.0,2.1972245773362196,7
PA14_19380,PA14_19380,61,0.0007348369227290713,0.0007345670622717613,99.93103838109774,65.0,4.189654742026425,55
PA14_19410,PA14_19410,3,3.391555027980329e-05,3.3914975160531515e-05,99.99660844497203,3.0,1.3862943611198906,3
PA14_19430,PA14_19430,137,0.0015601153128709513,0.0015588995972496762,99.84511898705557,138.0,4.9344739331306915,117
PA14_19450,PA14_19450,34,0.00038437623650443726,0.00038430238288328784,99.96156237634956,34.0,3.5553480614894135,29
PA14_19580,PA14_19580,129,0.001503589395737946,0.001502460137021692,99.85416313379685,133.0,4.897839799950911,116
PA14_19660,PA14_19660,501,0.006048273133231587,0.006030055748193718,99.43361031032728,535.0,6.284134161070802,428
PA14_19700,PA14_19700,2350,0.02842123113447516,0.028024841018039297,97.34328189474874,2514.0,7.83002808253384,1929
PA14_19850,PA14_19850,9,0.00010174665083940987,0.00010174147500001126,99.98982533491606,9.0,2.302585092994046,8
PA14_19870,PA14_19870,7,7.913628398620767e-05,7.913315287567465e-05,99.99208637160137,7.0,2.0794415416798357,5
PA14_19910,PA14_19910,1081,0.012718331354926234,0.01263813265857687,98.77790967158442,1125.0,7.026426808699636,899
PA14_20140,PA14_20140,771,0.009451133344638516,0.0094067508082602,99.12837035780906,836.0,6.729824070489475,662
PA14_20230,PA14_20230,198,0.002362783336159629,0.0023599963527747765,99.77615736815329,209.0,5.3471075307174685,179
PA14_20290,PA14_20290,157,0.0019218811825221865,0.001920036731714423,99.82250862020237,170.0,5.14166355650266,143
PA14_20470,PA14_20470,65,0.0007800576564354757,0.0007797535695883674,99.9265163077271,69.0,4.248495242049359,58
PA14_20520,PA14_20520,12,0.00013566220111921315,0.00013565299983497514,99.98643377988809,12.0,2.5649493574615367,12
PA14_20670,PA14_20670,729,0.008501497936804025,0.008465563722681294,99.17585212820079,752.0,6.6240652277998935,624
PA14_20680,PA14_20680,23,0.00028262958566502744,0.00028258965344752106,99.97399807811883,25.0,3.258096538021482,22
PA14_20720,PA14_20720,2001,0.02617149963258154,0.025834886417958728,97.73783279633712,2315.0,7.7475968386928855,1675
PA14_20730,PA14_20730,346,0.004171612684415804,0.004162935631387395,99.6088406534396,369.0,5.91350300563827,301
PA14_20740,PA14_20740,386,0.004567294104346843,0.004556895666423722,99.5636199197332,404.0,6.003887067106539,342
PA14_20750,PA14_20750,855,0.010864281272963653,0.010805688962733245,99.03340681702561,961.0,6.8690144506657065,739
PA14_20760,PA14_20760,62,0.0007348369227290713,0.0007345670622717613,99.92990786275507,65.0,4.189654742026425,58
PA14_20770,PA14_20770,945,0.011486066361426715,0.01142060230728084,98.93166016618619,1016.0,6.92461239604856,836
PA14_20850,PA14_20850,316,0.0037081001639251597,0.003701242108853939,99.6427562037194,328.0,5.796057750765372,269
PA14_20890,PA14_20890,637,0.00763099881295574,0.007602030022048817,99.27985981572552,675.0,6.516193076042964,554
PA14_21070,PA14_21070,94,0.0011079079758069075,0.0011072946986934202,99.89373127578996,98.0,4.59511985013459,73
PA14_21130,PA14_21130,64,0.000813973206715279,0.0008136421101816101,99.92764682606975,72.0,4.290459441148391,55
PA14_21160,PA14_21160,635,0.007710135096941948,0.0076805639066555905,99.28212085241083,682.0,6.52649485957079,541
PA14_21190,PA14_21190,347,0.003945509015883783,0.003937745908094701,99.60771013509694,349.0,5.857933154483459,313
PA14_21210,PA14_21210,582,0.007178791475891696,0.007153146611975263,99.34203832457182,635.0,6.455198563340122,498
PA14_21220,PA14_21220,3218,0.047640042959697024,0.04654005644105808,96.36199197331977,4214.0,8.346404870435956,2658
PA14_21230,PA14_21230,399,0.004623820021479848,0.004613163003811895,99.54892318127861,409.0,6.016157159698354,345
PA14_21260,PA14_21260,182,0.002215815951613815,0.0022133646518663077,99.79424566163586,196.0,5.2832037287379885,160
PA14_21450,PA14_21450,100,0.0012096546266463174,0.0012089235839684825,99.886948165734,107.0,4.68213122712422,84
PA14_21510,PA14_21510,146,0.0017409982476965689,0.0017394844669856972,99.83494432197162,154.0,5.043425116919247,122
PA14_21580,PA14_21580,5,5.6525917133005484e-05,5.652431960355255e-05,99.9943474082867,5.0,1.791759469228055,3
PA14_21630,PA14_21630,96,0.0012661805437793228,0.001265379613205118,99.89147023910463,112.0,4.727387818712341,76
PA14_21690,PA14_21690,107,0.001300096094059126,0.0012992517009144825,99.87903453733537,115.0,4.7535901911063645,83
PA14_21790,PA14_21790,627,0.0078005765643547565,0.0077703093661564875,99.29116499915212,690.0,6.53813982376767,517
PA14_21820,PA14_21820,57,0.0006670058221694647,0.0006667834726528484,99.93556045446837,59.0,4.0943445622221,49
PA14_21830,PA14_21830,26,0.0002939347690916285,0.0002938915787306133,99.97060652309084,26.0,3.295836866004329,20
PA14_21880,PA14_21880,719,0.009145893392120286,0.009104322982595382,99.18715731162739,809.0,6.697034247666484,601
PA14_21890,PA14_21890,23,0.0003278503193714318,0.0003277965881990097,99.97399807811883,29.0,3.4011973816621555,18
PA14_21990,PA14_21990,33,0.0003956814199310384,0.00039560315868166667,99.96269289469222,35.0,3.58351893845611,20
PA14_22010,PA14_22010,125,0.001526199762591148,0.0015250363033638443,99.85868520716748,135.0,4.912654885736052,110
PA14_22040,PA14_22040,66,0.0007461421061556723,0.000745863880523021,99.92538578938444,66.0,4.204692619390966,58
PA14_22060,PA14_22060,11,0.00012435701769261207,0.00012434928599967425,99.98756429823074,11.0,2.4849066497880004,10
PA14_22080,PA14_22080,343,0.004115086767282799,0.004106642954486866,99.61223220846757,364.0,5.8998973535824915,305
PA14_22310,PA14_22310,208,0.0024871403538522414,0.0024840525391083804,99.76485218472669,220.0,5.3981627015177525,175
PA14_22350,PA14_22350,52,0.000587869538183257,0.0005876968105771786,99.94121304618167,52.0,3.970291913552122,40
PA14_22370,PA14_22370,49,0.0005539539879034537,0.0005538006120325995,99.94460460120965,49.0,3.912023005428146,46
PA14_22440,PA14_22440,32,0.0003730710530778362,0.00037300147937593215,99.96382341303487,33.0,3.5263605246161616,21
PA14_22460,PA14_22460,177,0.0021819004013340117,0.0021795235134471815,99.79989825334916,193.0,5.267858159063328,156
PA14_22470,PA14_22470,6,6.783110055960658e-05,6.782880013453133e-05,99.99321688994404,6.0,1.9459101490553132,5
PA14_22480,PA14_22480,275,0.0031993669097281105,0.003194259825474887,99.68910745576846,283.0,5.648974238161206,238
PA14_22510,PA14_22510,3,3.391555027980329e-05,3.3914975160531515e-05,99.99660844497203,3.0,1.3862943611198906,3
PA14_22570,PA14_22570,223,0.0026454129218246567,0.002641919975894603,99.74789440958679,234.0,5.459585514144159,200
PA14_22660,PA14_22660,8,9.044146741280877e-05,9.043737782987161e-05,99.99095585325873,8.0,2.1972245773362196,6
PA14_22680,PA14_22680,1268,0.015601153128709513,0.015480706263958269,98.56650274150698,1380.0,7.2305631534092925,1076
PA14_22690,PA14_22690,1076,0.012458312136114409,0.012381345952018383,98.78356226329772,1102.0,7.005789019253503,926
PA14_22720,PA14_22720,444,0.0051551636425301,0.005141921277979157,99.49804985585892,456.0,6.124683390894205,409
PA14_22730,PA14_22730,155,0.0018201345316827765,0.0018184800940545666,99.82476965688768,161.0,5.087596335232384,143
PA14_22770,PA14_22770,114,0.0013114012774857271,0.0013105421418627735,99.87112090893675,116.0,4.762173934797756,106
PA14_22780,PA14_22780,9,0.00010174665083940987,0.00010174147500001126,99.98982533491606,9.0,2.302585092994046,7
PA14_22800,PA14_22800,152,0.0017296930642699678,0.001728198867974196,99.82816121191567,153.0,5.0369526024136295,137
PA14_22830,PA14_22830,8,9.044146741280877e-05,9.043737782987161e-05,99.99095585325873,8.0,2.1972245773362196,8
PA14_22840,PA14_22840,100,0.0012096546266463174,0.0012089235839684825,99.886948165734,107.0,4.68213122712422,84
PA14_22910,PA14_22910,386,0.004465547453507433,0.004455606480083192,99.5636199197332,395.0,5.981414211254481,344
PA14_23050,PA14_23050,263,0.0031089254423153014,0.0031041027266692552,99.70267367588039,275.0,5.62040086571715,228
PA14_23060,PA14_23060,4,4.5220733706404386e-05,4.521971127984905e-05,99.99547792662936,4.0,1.6094379124341003,3
PA14_23070,PA14_23070,7,7.913628398620767e-05,7.913315287567465e-05,99.99208637160137,7.0,2.0794415416798357,7
PA14_23080,PA14_23080,469,0.005392572494488723,0.005378084636644981,99.46978689729241,477.0,6.169610732491456,415
PA14_23090,PA14_23090,39,0.0004409021536374428,0.0004408049848431397,99.95590978463625,39.0,3.6888794541139363,36
PA14_23130,PA14_23130,103,0.001300096094059126,0.0012992517009144825,99.88355661070601,115.0,4.7535901911063645,86
PA14_23210,PA14_23210,311,0.003640269063365553,0.0036336593199117933,99.64840879543272,322.0,5.777652323222656,261
PA14_23240,PA14_23240,16,0.00021479848510542083,0.00021477541921377231,99.98191170651744,19.0,2.995732273553991,15
PA14_23260,PA14_23260,3567,0.05131422757334238,0.05004102682239156,95.96744107173139,4539.0,8.420682291035394,2928
PA14_23270,PA14_23270,297,0.003493301678819739,0.0034872142731537676,99.66423605222995,309.0,5.736572297479192,258
PA14_23280,PA14_23280,1209,0.01495675767339325,0.01484600830876018,98.63320332372393,1323.0,7.188412736496954,996
PA14_23290,PA14_23290,256,0.0029958736080492906,0.0029913949215344474,99.710587304279,265.0,5.583496308781699,228
PA14_23310,PA14_23310,128,0.0015488101294443503,0.0015476119600342166,99.85529365213951,137.0,4.927253685157205,110
PA14_23330,PA14_23330,5058,0.08694816573398903,0.0833739213847718,94.28183822282517,7691.0,8.94793610670867,4101
PA14_23360,PA14_23360,6,7.913628398620767e-05,7.913315287567465e-05,99.99321688994404,7.0,2.0794415416798357,5
PA14_23370,PA14_23370,498,0.006183935334350799,0.00616489326918546,99.43700186535527,547.0,6.306275286948016,439
PA14_23380,PA14_23380,284,0.0035724379628059464,0.0035660719632275833,99.67893279068453,316.0,5.75890177387728,252
PA14_23390,PA14_23390,148,0.0020575433836413997,0.0020554295403065774,99.83268328528631,182.0,5.209486152841421,128
PA14_23400,PA14_23400,50,0.0006443954553162625,0.0006441879217158663,99.94347408286698,57.0,4.060443010546419,43
PA14_23410,PA14_23410,17,0.00023740885195862302,0.00023738067493669026,99.98078118817479,21.0,3.091042453358316,16
PA14_23420,PA14_23420,555,0.007099655191905489,0.007074571294686993,99.37256231982364,628.0,6.444131256700441,472
PA14_23430,PA14_23430,4,4.5220733706404386e-05,4.521971127984905e-05,99.99547792662936,4.0,1.6094379124341003,4
PA14_23440,PA14_23440,280,0.003617658696512351,0.003611130708574443,99.68345486405516,320.0,5.771441123130016,253
PA14_23450,PA14_23450,68,0.000813973206715279,0.0008136421101816101,99.92312475269911,72.0,4.290459441148391,58
PA14_23460,PA14_23460,226,0.0028941269572098807,0.002889947034663283,99.74450285455882,256.0,5.54907608489522,197
PA14_23470,PA14_23470,451,0.0055395398790345374,0.00552425305665595,99.4901362274603,490.0,6.19644412779452,359
PA14_23500,PA14_23500,52,0.0006217850884630604,0.0006215918602084255,99.94121304618167,55.0,4.02535169073515,46
PA14_23510,PA14_23510,70,0.0009157198575546888,0.000915300841907051,99.9208637160138,81.0,4.406719247264253,56
PA14_23560,PA14_23560,213,0.002588887004691651,0.0025855416093864604,99.75919959301339,229.0,5.438079308923196,183
PA14_23680,PA14_23680,342,0.004182917867842406,0.004174193786513634,99.61336272681024,370.0,5.916202062607435,299
PA14_23800,PA14_23800,12,0.00013566220111921315,0.00013565299983497514,99.98643377988809,12.0,2.5649493574615367,10
PA14_23830,PA14_23830,1786,0.024193092532926348,0.02390507576749368,97.98089424000904,2140.0,7.669028288589683,1496
PA14_23850,PA14_23850,70,0.0008252783901418801,0.0008249380351767882,99.9208637160138,73.0,4.304065093204169,59
PA14_23860,PA14_23860,47,0.000587869538183257,0.0005876968105771786,99.94686563789497,52.0,3.970291913552122,44
PA14_23880,PA14_23880,517,0.005957831665818778,0.0059401539658303325,99.41552201684473,527.0,6.269096283706261,446
PA14_23900,PA14_23900,69,0.0008478887569950823,0.0008475295023805865,99.92199423435645,75.0,4.330733340286331,56
PA14_23920,PA14_23920,1156,0.014176700016957776,0.014077150359169743,98.69312079588491,1254.0,7.134890851565884,979
PA14_23930,PA14_23930,199,0.002317562602453225,0.0023148811963303196,99.77502684981063,205.0,5.327876168789581,179
PA14_23970,PA14_23970,664,0.008071900966593182,0.008039497429291456,99.24933582047369,714.0,6.5722825426940075,578
PA14_24050,PA14_24050,23,0.0002600192188118252,0.00025998541967357287,99.97399807811883,23.0,3.1780538303479458,19
PA14_24060,PA14_24060,4,4.5220733706404386e-05,4.521971127984905e-05,99.99547792662936,4.0,1.6094379124341003,3
PA14_24080,PA14_24080,125,0.0014470634786049404,0.0014460174912012426,99.85868520716748,128.0,4.859812404361672,111
PA14_24150,PA14_24150,23,0.0002600192188118252,0.00025998541967357287,99.97399807811883,23.0,3.1780538303479458,18
PA14_24230,PA14_24230,9,0.00010174665083940987,0.00010174147500001126,99.98982533491606,9.0,2.302585092994046,7
PA14_24245,PA14_24245,442,0.005234299926516308,0.005220648594711698,99.50031089254423,463.0,6.139884552226255,386
PA14_24260,PA14_24260,171,0.0020236278333615964,0.0020215830566709414,99.80668136340512,179.0,5.19295685089021,132
PA14_24270,PA14_24270,49,0.0005991747216098581,0.0005989952881074515,99.94460460120965,53.0,3.9889840465642745,44
PA14_24290,PA14_24290,4,4.5220733706404386e-05,4.521971127984905e-05,99.99547792662936,4.0,1.6094379124341003,4
PA14_24300,PA14_24300,65,0.0007913628398620768,0.0007910498773902824,99.9265163077271,70.0,4.2626798770413155,57
PA14_24330,PA14_24330,17,0.00021479848510542083,0.00021477541921377231,99.98078118817479,19.0,2.995732273553991,16
PA14_24420,PA14_24420,7,7.913628398620767e-05,7.913315287567465e-05,99.99208637160137,7.0,2.0794415416798357,6
PA14_24430,PA14_24430,99,0.0011644338929399129,0.0011637564656229536,99.88807868407665,103.0,4.6443908991413725,79
PA14_24445,PA14_24445,410,0.004906449607144876,0.004894452210349517,99.53648747950935,434.0,6.075346031088684,354
PA14_24510,PA14_24510,38,0.00042959697021084165,0.0004295047198518054,99.95704030297891,38.0,3.6635616461296463,31
PA14_24580,PA14_24580,42,0.00048612288734384713,0.0004860047678918764,99.95251822960827,43.0,3.784189633918261,42
PA14_24600,PA14_24600,13,0.00014696738454581426,0.00014695658589777388,99.98530326154543,13.0,2.639057329615259,10
PA14_24620,PA14_24620,5,5.6525917133005484e-05,5.652431960355255e-05,99.9943474082867,5.0,1.791759469228055,5
PA14_24780,PA14_24780,24,0.0003052399525182296,0.00030519337628163404,99.97286755977616,27.0,3.332204510175204,21
PA14_24880,PA14_24880,30,0.0003391555027980329,0.0003390980025711387,99.9660844497202,30.0,3.4339872044851463,24
PA14_25000,PA14_25000,344,0.004035950483296591,0.0040278278827525,99.61110169012493,357.0,5.8805329864007,299
PA14_25080,PA14_25080,272,0.0032445876434345146,0.0032393353269474724,99.69249901079645,287.0,5.662960480135946,239
PA14_25090,PA14_25090,5,5.6525917133005484e-05,5.652431960355255e-05,99.9943474082867,5.0,1.791759469228055,3
PA14_25110,PA14_25110,833,0.01092080719009666,0.010861605803222662,99.05827822056413,966.0,6.874198495453294,701
PA14_25130,PA14_25130,856,0.010253801367927194,0.010201587768601729,99.03227629868294,907.0,6.811244378601294,738
PA14_25150,PA14_25150,62,0.0007913628398620768,0.0007910498773902824,99.92990786275507,70.0,4.2626798770413155,57
PA14_25180,PA14_25180,77,0.0009722457746876943,0.0009717734498835676,99.91295008761517,86.0,4.465908118654584,68
PA14_25210,PA14_25210,5,5.6525917133005484e-05,5.652431960355255e-05,99.9943474082867,5.0,1.791759469228055,4
PA14_25230,PA14_25230,125,0.001537504946017749,0.0015363241954065646,99.85868520716748,136.0,4.919980925828125,108
PA14_25250,PA14_25250,1154,0.014809790288847437,0.01470119620221503,98.69538183257023,1310.0,7.1785454837637,966
PA14_25280,PA14_25280,44,0.0005652591713300549,0.0005650994725426374,99.95025719292295,50.0,3.9318256327243257,37
PA14_25305,PA14_25305,17,0.00019218811825221863,0.00019216965248171653,99.98078118817479,17.0,2.8903717578961645,15
PA14_25330,PA14_25330,35,0.0003956814199310384,0.00039560315868166667,99.9604318580069,35.0,3.58351893845611,27
PA14_25340,PA14_25340,164,0.001967101916228591,0.0019651697047438498,99.81459499180374,174.0,5.1647859739235145,141
PA14_25350,PA14_25350,338,0.0039115934656039795,0.003903963075400967,99.61788480018087,346.0,5.849324779946859,291
PA14_25360,PA14_25360,289,0.0035724379628059464,0.0035660719632275833,99.67328019897123,316.0,5.75890177387728,255
PA14_25390,PA14_25390,51,0.0006783110055960658,0.0006780810566646277,99.94234356452434,60.0,4.110873864173311,46
PA14_25490,PA14_25490,12,0.00013566220111921315,0.00013565299983497514,99.98643377988809,12.0,2.5649493574615367,12
PA14_25550,PA14_25550,15,0.00018088293482561754,0.00018086657748004204,99.9830422248601,16.0,2.833213344056216,14
PA14_25560,PA14_25560,1219,0.015827256797241535,0.015703311863408308,98.62189814029733,1400.0,7.244941546337007,1029
PA14_25580,PA14_25580,747,0.009518964445198123,0.009473944572704144,99.1555027980329,842.0,6.736966958001855,628
PA14_25590,PA14_25590,457,0.005505624328754734,0.005490523779077662,99.48335311740433,487.0,6.1903154058531475,381
PA14_25600,PA14_25600,142,0.0017636086145497712,0.0017620552829216516,99.83946639534227,156.0,5.056245805348308,127
PA14_25620,PA14_25620,110,0.001390537561471935,0.0013895716594287018,99.87564298230738,123.0,4.820281565605037,97
PA14_25630,PA14_25630,164,0.0018992708156689842,0.0018974694813072546,99.81459499180374,168.0,5.1298987149230735,141
PA14_25640,PA14_25640,377,0.004612514838053247,0.00460190978961247,99.57379458481714,408.0,6.013715156042802,341
PA14_25650,PA14_25650,155,0.0018653552653891809,0.0018636176507662856,99.82476965688768,165.0,5.111987788356544,140
PA14_25660,PA14_25660,1314,0.016075970832626758,0.015948120802382715,98.51449889774462,1422.0,7.260522598089852,1109
PA14_25670,PA14_25670,152,0.0018088293482561755,0.0018071953865258542,99.82816121191567,160.0,5.081404364984463,135
PA14_25690,PA14_25690,783,0.00957549036233113,0.00952993592765357,99.11480413769713,847.0,6.742880635791903,667
PA14_25820,PA14_25820,18,0.00020349330167881974,0.00020347259972533063,99.97965066983213,18.0,2.9444389791664403,15
PA14_25840,PA14_25840,610,0.007054434458199085,0.0070296683411876825,99.31038381097733,624.0,6.437751649736401,535
PA14_25860,PA14_25860,25,0.0003165451359448307,0.0003164950461034705,99.9717370414335,28.0,3.367295829986474,21
PA14_25880,PA14_25880,822,0.009948561415408966,0.009899400264553382,99.07071392233338,880.0,6.78105762593618,700
PA14_25900,PA14_25900,6,6.783110055960658e-05,6.782880013453133e-05,99.99321688994404,6.0,1.9459101490553132,6
PA14_25960,PA14_25960,74,0.0009609405912610932,0.0009604791834178188,99.91634164264315,85.0,4.454347296253507,61
PA14_25970,PA14_25970,82,0.0010400768752473009,0.001039536370039602,99.90729749590187,92.0,4.532599493153256,70
PA14_26140,PA14_26140,70,0.0008931094907014866,0.0008927109057226601,99.9208637160138,79.0,4.382026634673881,57
PA14_26280,PA14_26280,163,0.0019444915493753885,0.0019426034728522931,99.81572551014641,172.0,5.153291594497779,132
PA14_26510,PA14_26510,43,0.00048612288734384713,0.0004860047678918764,99.95138771126561,43.0,3.784189633918261,33
PA14_26560,PA14_26560,124,0.001503589395737946,0.001502460137021692,99.85981572551015,133.0,4.897839799950911,107
PA14_26590,PA14_26590,847,0.010072918433101577,0.010022524715545891,99.0424509637669,891.0,6.79346613258001,702
PA14_26760,PA14_26760,199,0.0022610366853202195,0.002258484388374701,99.77502684981063,200.0,5.303304908059076,173
PA14_26770,PA14_26770,41,0.00048612288734384713,0.0004860047678918764,99.95364874795094,43.0,3.784189633918261,37
PA14_26830,PA14_26830,4,4.5220733706404386e-05,4.521971127984905e-05,99.99547792662936,4.0,1.6094379124341003,3
PA14_27000,PA14_27000,311,0.003617658696512351,0.003611130708574443,99.64840879543272,320.0,5.771441123130016,269
PA14_27050,PA14_27050,11,0.00013566220111921315,0.00013565299983497514,99.98756429823074,12.0,2.5649493574615367,11
PA14_27180,PA14_27180,493,0.0061274094172177945,0.006108713178271297,99.44265445706857,542.0,6.297109319933935,411
PA14_27190,PA14_27190,20,0.00024871403538522413,0.00024868311117694214,99.9773896331468,22.0,3.1354942159291497,20
PA14_27200,PA14_27200,205,0.002362783336159629,0.0023599963527747765,99.76824373975468,209.0,5.3471075307174685,184
PA14_27210,PA14_27210,7,7.913628398620767e-05,7.913315287567465e-05,99.99208637160137,7.0,2.0794415416798357,7
PA14_27280,PA14_27280,5,5.6525917133005484e-05,5.652431960355255e-05,99.9943474082867,5.0,1.791759469228055,5
PA14_27330,PA14_27330,301,0.0035272172290995423,0.003521011187498705,99.65971397885932,312.0,5.746203190540153,267
PA14_27370,PA14_27370,831,0.010592956870725227,0.01053724459621581,99.06053925724945,937.0,6.843749949006225,703
PA14_27480,PA14_27480,313,0.003866372731897575,0.0038589175230785717,99.64614775874739,342.0,5.83773044716594,263
PA14_27490,PA14_27490,3,3.391555027980329e-05,3.3914975160531515e-05,99.99660844497203,3.0,1.3862943611198906,3
PA14_27500,PA14_27500,115,0.0013453168277655304,0.001344412699883455,99.86999039059408,119.0,4.787491742782046,100
PA14_27550,PA14_27550,40,0.0005087332541970493,0.0005086038933066846,99.9547792662936,45.0,3.828641396489095,35
PA14_27560,PA14_27560,67,0.0008478887569950823,0.0008475295023805865,99.92425527104177,75.0,4.330733340286331,55
PA14_27570,PA14_27570,303,0.0036063535130857497,0.003599866212576036,99.65745294217399,319.0,5.768320995793772,275
PA14_27580,PA14_27580,63,0.0007461421061556723,0.000745863880523021,99.92877734441241,66.0,4.204692619390966,56
PA14_27590,PA14_27590,140,0.0018201345316827765,0.0018184800940545666,99.84172743202758,161.0,5.087596335232384,117
PA14_27730,PA14_27730,318,0.003866372731897575,0.0038589175230785717,99.64049516703409,342.0,5.83773044716594,263
PA14_27740,PA14_27740,113,0.001390537561471935,0.0013895716594287018,99.87225142727941,123.0,4.820281565605037,100
PA14_27780,PA14_27780,6,6.783110055960658e-05,6.782880013453133e-05,99.99321688994404,6.0,1.9459101490553132,5
PA14_27920,PA14_27920,12,0.00013566220111921315,0.00013565299983497514,99.98643377988809,12.0,2.5649493574615367,10
PA14_27940,PA14_27940,403,0.004714261488892657,0.004703184158844106,99.54440110790797,417.0,6.035481432524756,341
PA14_27990,PA14_27990,237,0.002814990673223673,0.002811036006806198,99.73206715278955,249.0,5.521460917862246,206
PA14_28050,PA14_28050,747,0.008637160137923238,0.0086000732674572,99.1555027980329,764.0,6.639875833826536,638
PA14_28130,PA14_28130,847,0.00980159403086315,0.009753870002398033,99.0424509637669,867.0,6.7661917146603505,711
PA14_28180,PA14_28180,296,0.003538522412526143,0.0035322765717892457,99.66536657057262,313.0,5.749392985908253,247
PA14_28280,PA14_28280,65,0.0009044146741280877,0.0009040059376030076,99.9265163077271,80.0,4.394449154672439,58
PA14_28400,PA14_28400,2578,0.035645243344073256,0.03502465599046115,97.08552371262223,3153.0,8.056426767522984,2057
PA14_28410,PA14_28410,363,0.004239443784975411,0.00423048266103245,99.58962184161439,375.0,5.929589143389895,318
PA14_28430,PA14_28430,53,0.0006896161890226669,0.0006893785130424444,99.94008252783901,61.0,4.127134385045092,49
PA14_28440,PA14_28440,79,0.0009722457746876943,0.0009717734498835676,99.91068905092985,86.0,4.465908118654584,64
PA14_28490,PA14_28490,178,0.0021253744842010063,0.0021231190710183433,99.79876773500649,188.0,5.241747015059643,148
PA14_28500,PA14_28500,101,0.0012548753603527218,0.0012540886623375708,99.88581764739133,111.0,4.718498871295094,87
PA14_28530,PA14_28530,13,0.00014696738454581426,0.00014695658589777388,99.98530326154543,13.0,2.639057329615259,11
PA14_28650,PA14_28650,634,0.008184952800859194,0.008151637739364791,99.28325137075349,724.0,6.586171654854675,549
PA14_28660,PA14_28660,1121,0.015081114691085864,0.01496852525244983,98.73268893787802,1334.0,7.19668657083435,942
PA14_28670,PA14_28670,317,0.003866372731897575,0.0038589175230785717,99.64162568537674,342.0,5.83773044716594,244
PA14_28680,PA14_28680,764,0.009812899214289753,0.0097650653898985,99.13628398620767,868.0,6.767343125265392,672
PA14_28690,PA14_28690,11,0.00019218811825221863,0.00019216965248171653,99.98756429823074,17.0,2.8903717578961645,10
PA14_28710,PA14_28710,272,0.0033350291108473237,0.0033294802349480295,99.69249901079645,295.0,5.69035945432406,235
PA14_28720,PA14_28720,98,0.0011192131592335085,0.0011185873071166968,99.88920920241931,99.0,4.605170185988092,86
PA14_28730,PA14_28730,417,0.004895144423718275,0.0048832021611304325,99.52857385111074,433.0,6.073044534100405,371
PA14_28750,PA14_28750,3,3.391555027980329e-05,3.3914975160531515e-05,99.99660844497203,3.0,1.3862943611198906,3
PA14_28760,PA14_28760,400,0.004691651122039455,0.004680679629806688,99.54779266293595,415.0,6.030685260261263,340
PA14_28770,PA14_28770,20,0.0002600192188118252,0.00025998541967357287,99.9773896331468,23.0,3.1780538303479458,16
PA14_28800,PA14_28800,21,0.00023740885195862302,0.00023738067493669026,99.97625911480414,21.0,3.091042453358316,19
PA14_28810,PA14_28810,1602,0.022112938782431747,0.021871993290899876,98.1889096150585,1956.0,7.579167967396076,1308
PA14_28820,PA14_28820,333,0.004069866033576394,0.0040616065312719845,99.62353739189417,360.0,5.8888779583328805,283
PA14_28830,PA14_28830,411,0.00483861850658527,0.004826950016502586,99.5353569611667,428.0,6.061456918928017,360
PA14_28840,PA14_28840,621,0.007721440280368549,0.007691782529569745,99.29794810920806,683.0,6.52795791762255,535
PA14_28870,PA14_28870,374,0.004341190435814821,0.0043317946513931555,99.57718613984513,384.0,5.953243334287785,334
PA14_29070,PA14_29070,12,0.00013566220111921315,0.00013565299983497514,99.98643377988809,12.0,2.5649493574615367,11
PA14_29110,PA14_29110,105,0.001288790910632525,0.0012879611324906953,99.88129557402068,114.0,4.74493212836325,93
PA14_29130,PA14_29130,149,0.0017070826974167656,0.001705627287849771,99.83155276694364,151.0,5.0238805208462765,132
PA14_29160,PA14_29160,22,0.00024871403538522413,0.00024868311117694214,99.97512859646149,22.0,3.1354942159291497,17
PA14_29390,PA14_29390,319,0.0036967949804985584,0.0036899786278750232,99.63936464869143,327.0,5.793013608384144,278
PA14_29400,PA14_29400,63,0.0007913628398620768,0.0007910498773902824,99.92877734441241,70.0,4.2626798770413155,54
PA14_29575,PA14_29575,85,0.0009948561415408965,0.0009943616001409036,99.9039059408739,88.0,4.48863636973214,80
PA14_29590,PA14_29590,254,0.0030184839749024927,0.003013937498828264,99.71284834096433,267.0,5.5909869805108565,226
PA14_29620,PA14_29620,15,0.00016957775139901646,0.00016956337471741895,99.9830422248601,15.0,2.772588722239781,8
PA14_29750,PA14_29750,4,4.5220733706404386e-05,4.521971127984905e-05,99.99547792662936,4.0,1.6094379124341003,4
PA14_29820,PA14_29820,26,0.0003052399525182296,0.00030519337628163404,99.97060652309084,27.0,3.332204510175204,23
PA14_29850,PA14_29850,34,0.00038437623650443726,0.00038430238288328784,99.96156237634956,34.0,3.5553480614894135,29
PA14_29860,PA14_29860,65,0.0007574472895822735,0.0007571605711576197,99.9265163077271,67.0,4.219507705176107,50
PA14_29880,PA14_29880,192,0.0022045107681872137,0.0022020843996397484,99.78294047820926,195.0,5.278114659230518,154
PA14_29890,PA14_29890,5,5.6525917133005484e-05,5.652431960355255e-05,99.9943474082867,5.0,1.791759469228055,5
PA14_29900,PA14_29900,202,0.0024984455372788423,0.00249532961112952,99.77163529478266,221.0,5.402677381872279,173
PA14_29920,PA14_29920,106,0.0012209598100729184,0.0012202150448013475,99.88016505567802,108.0,4.6913478822291435,91
PA14_29930,PA14_29930,309,0.0036063535130857497,0.003599866212576036,99.65066983211803,319.0,5.768320995793772,249
PA14_29940,PA14_29940,1976,0.024317449550618958,0.024026487901129944,97.76609575490363,2151.0,7.674152921281675,1637
PA14_29970,PA14_29970,66,0.0008818043072748856,0.0008814157462631264,99.92538578938444,78.0,4.3694478524670215,55
PA14_29990,PA14_29990,875,0.011101690124922277,0.011040518684309107,99.0107964501724,982.0,6.890609120147166,742
PA14_30050,PA14_30050,169,0.002102764117347804,0.002100556403207544,99.80894240009044,186.0,5.231108616854587,130
PA14_30070,PA14_30070,213,0.002464529986999039,0.002461498013541869,99.75919959301339,218.0,5.389071729816501,186
PA14_30100,PA14_30100,2387,0.028308179300209145,0.027914907417823043,97.30145271607032,2504.0,7.826044013518965,1958
PA14_30110,PA14_30110,849,0.010163359900514386,0.010112060250020925,99.04018992708157,899.0,6.802394763324311,747
PA14_30140,PA14_30140,956,0.011621728562545928,0.011554714984482649,98.91922446441693,1028.0,6.9363427358340495,805
PA14_30150,PA14_30150,224,0.002701938838957662,0.002698295164061724,99.74676389124414,239.0,5.480638923341991,184
PA14_30180,PA14_30180,574,0.007201401842744899,0.007175595568660945,99.3510824713131,637.0,6.45833828334479,500
PA14_30190,PA14_30190,734,0.009338081510372506,0.009294751166541979,99.17019953648747,826.0,6.717804695023691,621
PA14_30210,PA14_30210,98,0.001175739076366514,0.001175048436467205,99.88920920241931,104.0,4.653960350157523,91
PA14_30230,PA14_30230,724,0.009032841557854276,0.008992289462048888,99.18150471991409,799.0,6.684611727667927,619
PA14_30260,PA14_30260,600,0.007280538126731106,0.007254162948647597,99.32168899440393,644.0,6.4692503167957724,529
PA14_30270,PA14_30270,7,7.913628398620767e-05,7.913315287567465e-05,99.99208637160137,7.0,2.0794415416798357,6
PA14_30280,PA14_30280,165,0.001978407099655192,0.0019764526297294427,99.81346447346108,175.0,5.170483995038151,140
PA14_30290,PA14_30290,1589,0.020665875303826804,0.020455233227917934,98.20360635351308,1828.0,7.511524648390866,1318
PA14_30320,PA14_30320,1657,0.022339042450963766,0.022093180847789756,98.12673110621219,1976.0,7.589335823170617,1182
PA14_30330,PA14_30330,518,0.005991747216098581,0.005973868081371799,99.41439149850207,530.0,6.274762021241939,433
PA14_30340,PA14_30340,71,0.000813973206715279,0.0008136421101816101,99.91973319767114,72.0,4.290459441148391,64
PA14_30350,PA14_30350,69,0.000813973206715279,0.0008136421101816101,99.92199423435645,72.0,4.290459441148391,61
PA14_30440,PA14_30440,4,4.5220733706404386e-05,4.521971127984905e-05,99.99547792662936,4.0,1.6094379124341003,3
PA14_30460,PA14_30460,15,0.00018088293482561754,0.00018086657748004204,99.9830422248601,16.0,2.833213344056216,9
PA14_30470,PA14_30470,16,0.00018088293482561754,0.00018086657748004204,99.98191170651744,16.0,2.833213344056216,14
PA14_30630,PA14_30630,32,0.0003956814199310384,0.00039560315868166667,99.96382341303487,35.0,3.58351893845611,27
PA14_30700,PA14_30700,209,0.002814990673223673,0.002811036006806198,99.76372166638404,249.0,5.521460917862246,179
PA14_30720,PA14_30720,52,0.0005991747216098581,0.0005989952881074515,99.94121304618167,53.0,3.9889840465642745,46
PA14_30800,PA14_30800,132,0.0015714204962975523,0.0015701871070558202,99.85077157876887,139.0,4.941642422609304,113
PA14_30830,PA14_30830,47,0.0005426488044768526,0.0005425016238568704,99.94686563789497,48.0,3.8918202981106265,41
PA14_30900,PA14_30900,90,0.0010400768752473009,0.001039536370039602,99.8982533491606,92.0,4.532599493153256,68
PA14_31060,PA14_31060,24,0.00028262958566502744,0.00028258965344752106,99.97286755977616,25.0,3.258096538021482,20
PA14_31110,PA14_31110,70,0.0007913628398620768,0.0007910498773902824,99.9208637160138,70.0,4.2626798770413155,62
PA14_31230,PA14_31230,168,0.001989712283081793,0.001987735427412076,99.81007291843311,176.0,5.176149732573829,141
PA14_31240,PA14_31240,48,0.0005652591713300549,0.0005650994725426374,99.94573511955231,50.0,3.9318256327243257,45
PA14_31300,PA14_31300,122,0.001514894579164547,0.001513748283903179,99.86207676219546,134.0,4.90527477843843,101
PA14_31310,PA14_31310,3,5.6525917133005484e-05,5.652431960355255e-05,99.99660844497203,5.0,1.791759469228055,3
PA14_31390,PA14_31390,6,6.783110055960658e-05,6.782880013453133e-05,99.99321688994404,6.0,1.9459101490553132,3
PA14_31440,PA14_31440,26,0.0003165451359448307,0.0003164950461034705,99.97060652309084,28.0,3.367295829986474,20
PA14_31500,PA14_31500,131,0.001526199762591148,0.0015250363033638443,99.85190209711152,135.0,4.912654885736052,97
PA14_31530,PA14_31530,277,0.0032106720931547113,0.0032055288913257923,99.68684641908315,284.0,5.652489180268651,245
PA14_31620,PA14_31620,58,0.000813973206715279,0.0008136421101816101,99.93442993612571,72.0,4.290459441148391,48
PA14_31640,PA14_31640,185,0.0021592900344808096,0.0021569621182495457,99.79085410660788,191.0,5.2574953720277815,154
PA14_31650,PA14_31650,55,0.0006783110055960658,0.0006780810566646277,99.93782149115368,60.0,4.110873864173311,39
PA14_31720,PA14_31720,49,0.0006670058221694647,0.0006667834726528484,99.94460460120965,59.0,4.0943445622221,36
PA14_31840,PA14_31840,26,0.0002939347690916285,0.0002938915787306133,99.97060652309084,26.0,3.295836866004329,22
PA14_31870,PA14_31870,62,0.0007235317393024702,0.0007232701164009573,99.92990786275507,64.0,4.174387269895637,57
PA14_31890,PA14_31890,360,0.004375105986094624,0.004365563034059676,99.59301339664236,387.0,5.961005339623274,304
PA14_32015,PA14_32015,8,9.044146741280877e-05,9.043737782987161e-05,99.99095585325873,8.0,2.1972245773362196,7
PA14_32330,PA14_32330,94,0.0011192131592335085,0.0011185873071166968,99.89373127578996,99.0,4.605170185988092,85
PA14_32370,PA14_32370,66,0.0007461421061556723,0.000745863880523021,99.92538578938444,66.0,4.204692619390966,56
PA14_32390,PA14_32390,63,0.0007574472895822735,0.0007571605711576197,99.92877734441241,67.0,4.219507705176107,58
PA14_32440,PA14_32440,3,3.391555027980329e-05,3.3914975160531515e-05,99.99660844497203,3.0,1.3862943611198906,3
PA14_32460,PA14_32460,99,0.0011192131592335085,0.0011185873071166968,99.88807868407665,99.0,4.605170185988092,82
PA14_32630,PA14_32630,61,0.0007913628398620768,0.0007910498773902824,99.93103838109774,70.0,4.2626798770413155,50
PA14_32790,PA14_32790,1647,0.02153637442767509,0.02130774347922537,98.13803628963879,1905.0,7.552762084214147,1381
PA14_32820,PA14_32820,70,0.0009270250409812899,0.000926595618637672,99.9208637160138,82.0,4.418840607796598,61
PA14_32830,PA14_32830,10,0.00011305183426601097,0.00011304544438898252,99.9886948165734,10.0,2.3978952727983707,10
PA14_32860,PA14_32860,80,0.0010400768752473009,0.001039536370039602,99.9095585325872,92.0,4.532599493153256,70
PA14_32880,PA14_32880,47,0.0005652591713300549,0.0005650994725426374,99.94686563789497,50.0,3.9318256327243257,41
PA14_33000,PA14_33000,421,0.005087332541970494,0.005074435787334028,99.5240517777401,450.0,6.111467339502679,359
PA14_33310,PA14_33310,63,0.0007348369227290713,0.0007345670622717613,99.92877734441241,65.0,4.189654742026425,49
PA14_33320,PA14_33320,722,0.008467582386524222,0.008431933509294422,99.1837657565994,749.0,6.620073206530356,605
PA14_33330,PA14_33330,966,0.011791306313944944,0.011722330541833638,98.90791928099033,1043.0,6.950814768442584,819
PA14_33350,PA14_33350,12,0.00013566220111921315,0.00013565299983497514,99.98643377988809,12.0,2.5649493574615367,7
PA14_33360,PA14_33360,51,0.0005991747216098581,0.0005989952881074515,99.94234356452434,53.0,3.9889840465642745,48
PA14_33430,PA14_33430,341,0.003956814199310384,0.003949006598712976,99.6144932451529,350.0,5.860786223465865,307
PA14_33650,PA14_33650,144,0.0017409982476965689,0.0017394844669856972,99.83720535865695,154.0,5.043425116919247,124
PA14_33680,PA14_33680,35,0.0003956814199310384,0.00039560315868166667,99.9604318580069,35.0,3.58351893845611,33
PA14_33750,PA14_33750,449,0.005211689559663105,0.005198155708086144,99.49239726414561,461.0,6.135564891081739,396
PA14_33800,PA14_33800,232,0.0027132440223842634,0.002709569820325761,99.73771974450285,240.0,5.484796933490655,207
PA14_33900,PA14_33900,21,0.00023740885195862302,0.00023738067493669026,99.97625911480414,21.0,3.091042453358316,14
PA14_33930,PA14_33930,3,3.391555027980329e-05,3.3914975160531515e-05,99.99660844497203,3.0,1.3862943611198906,3
PA14_34110,PA14_34110,332,0.00392289864903058,0.003915224146441553,99.62466791023684,347.0,5.8522024797744745,283
PA14_34140,PA14_34140,27,0.0003165451359448307,0.0003164950461034705,99.96947600474819,28.0,3.367295829986474,24
PA14_34660,PA14_34660,293,0.003391555027980329,0.003385816676189937,99.66875812560059,300.0,5.707110264748875,263
PA14_34810,PA14_34810,249,0.0029732632411960886,0.002968851836061384,99.71850093267763,263.0,5.575949103146316,207
PA14_34840,PA14_34840,188,0.0021705952179074104,0.002168242879475433,99.78746255157989,192.0,5.262690188904886,165
PA14_34850,PA14_34850,194,0.0022497315018936183,0.002247204645101538,99.78067944152393,199.0,5.298317366548036,165
PA14_34960,PA14_34960,69,0.0007800576564354757,0.0007797535695883674,99.92199423435645,69.0,4.248495242049359,43
PA14_34970,PA14_34970,52,0.0005991747216098581,0.0005989952881074515,99.94121304618167,53.0,3.9889840465642745,49
PA14_34990,PA14_34990,236,0.002848906223503476,0.002844855781231526,99.73319767113222,252.0,5.53338948872752,190
PA14_35070,PA14_35070,8,9.044146741280877e-05,9.043737782987161e-05,99.99095585325873,8.0,2.1972245773362196,8
PA14_35080,PA14_35080,7,7.913628398620767e-05,7.913315287567465e-05,99.99208637160137,7.0,2.0794415416798357,6
PA14_35200,PA14_35200,8,0.00010174665083940987,0.00010174147500001126,99.99095585325873,9.0,2.302585092994046,8
PA14_35250,PA14_35250,55,0.0006330902718896614,0.0006328899547848953,99.93782149115368,56.0,4.04305126783455,44
PA14_35270,PA14_35270,69,0.0008931094907014866,0.0008927109057226601,99.92199423435645,79.0,4.382026634673881,59
PA14_35320,PA14_35320,5,5.6525917133005484e-05,5.652431960355255e-05,99.9943474082867,5.0,1.791759469228055,3
PA14_35360,PA14_35360,20,0.00023740885195862302,0.00023738067493669026,99.9773896331468,21.0,3.091042453358316,20
PA14_35370,PA14_35370,434,0.005008196257984286,0.004995696958364702,99.50935503928551,443.0,6.095824562432225,386
PA14_35490,PA14_35490,62,0.0007235317393024702,0.0007232701164009573,99.92990786275507,64.0,4.174387269895637,51
PA14_35520,PA14_35520,297,0.0037307105307783617,0.0037237686902209036,99.66423605222995,330.0,5.802118375377063,255
PA14_35530,PA14_35530,416,0.005087332541970494,0.005074435787334028,99.5297043694534,450.0,6.111467339502679,361
PA14_35600,PA14_35600,12,0.00013566220111921315,0.00013565299983497514,99.98643377988809,12.0,2.5649493574615367,8
PA14_35700,PA14_35700,9,0.00010174665083940987,0.00010174147500001126,99.98982533491606,9.0,2.302585092994046,8
PA14_35750,PA14_35750,155,0.0018653552653891809,0.0018636176507662856,99.82476965688768,165.0,5.111987788356544,137
PA14_35760,PA14_35760,7,7.913628398620767e-05,7.913315287567465e-05,99.99208637160137,7.0,2.0794415416798357,7
PA14_35770,PA14_35770,3,3.391555027980329e-05,3.3914975160531515e-05,99.99660844497203,3.0,1.3862943611198906,3
PA14_35790,PA14_35790,162,0.0020688485670680005,0.002066711446948919,99.81685602848907,183.0,5.214935757608986,140
PA14_35800,PA14_35800,432,0.005392572494488723,0.005378084636644981,99.51161607597084,477.0,6.169610732491456,341
PA14_35810,PA14_35810,18,0.00021479848510542083,0.00021477541921377231,99.97965066983213,19.0,2.995732273553991,12
PA14_35820,PA14_35820,73,0.0008365835735684811,0.0008362338325754861,99.91747216098581,74.0,4.31748811353631,63
PA14_35830,PA14_35830,118,0.0014583686620315414,0.0014573062752299907,99.86659883556611,129.0,4.867534450455582,106
PA14_35840,PA14_35840,72,0.0008252783901418801,0.0008249380351767882,99.91860267932847,73.0,4.304065093204169,67
PA14_35850,PA14_35850,352,0.004295969702108417,0.0042867683672922095,99.60205754338364,380.0,5.942799375126701,298
PA14_35860,PA14_35860,262,0.0029845684246226894,0.0029801234423217533,99.70380419422305,264.0,5.579729825986222,222
PA14_35880,PA14_35880,71,0.0008365835735684811,0.0008362338325754861,99.91973319767114,74.0,4.31748811353631,44
PA14_36000,PA14_36000,97,0.0011305183426601098,0.0011298797880184084,99.89033972076197,100.0,4.61512051684126,83
PA14_36290,PA14_36290,159,0.0018088293482561755,0.0018071953865258542,99.82024758351704,160.0,5.081404364984463,140
PA14_36310,PA14_36310,1436,0.016969080323328247,0.016826713775661743,98.37657565994007,1501.0,7.31455283232408,1169
PA14_36520,PA14_36520,7,7.913628398620767e-05,7.913315287567465e-05,99.99208637160137,7.0,2.0794415416798357,5
PA14_36840,PA14_36840,25,0.0002939347690916285,0.0002938915787306133,99.9717370414335,26.0,3.295836866004329,22
PA14_37060,PA14_37060,8,9.044146741280877e-05,9.043737782987161e-05,99.99095585325873,8.0,2.1972245773362196,6
PA14_37070,PA14_37070,832,0.01052512577016562,0.010470122243328401,99.05940873890678,931.0,6.837332814685591,668
PA14_37080,PA14_37080,17,0.00019218811825221863,0.00019216965248171653,99.98078118817479,17.0,2.8903717578961645,14
PA14_37610,PA14_37610,9,0.00011305183426601097,0.00011304544438898252,99.98982533491606,10.0,2.3978952727983707,9
PA14_37690,PA14_37690,413,0.004759482222599061,0.004748191697614447,99.53309592448137,421.0,6.045005314036012,362
PA14_37710,PA14_37710,10,0.00011305183426601097,0.00011304544438898252,99.9886948165734,10.0,2.3978952727983707,10
PA14_37915,PA14_37915,7,7.913628398620767e-05,7.913315287567465e-05,99.99208637160137,7.0,2.0794415416798357,7
PA14_38040,PA14_38040,3,4.5220733706404386e-05,4.521971127984905e-05,99.99660844497203,4.0,1.6094379124341003,3
PA14_38140,PA14_38140,1492,0.018597026736758802,0.01842621649371508,98.31326663275112,1645.0,7.406103381237015,1263
PA14_38330,PA14_38330,14,0.00015827256797241535,0.000158260044190959,99.98417274320276,14.0,2.70805020110221,11
PA14_38410,PA14_38410,197,0.0023062574190266237,0.0023036020891843215,99.77728788649596,204.0,5.3230099791384085,169
PA14_38420,PA14_38420,301,0.00350460686224634,0.003498480038183825,99.65971397885932,310.0,5.739792912179234,259
PA14_38430,PA14_38430,169,0.0021819004013340117,0.0021795235134471815,99.80894240009044,193.0,5.267858159063328,143
PA14_38440,PA14_38440,585,0.007088350008478888,0.007063345745336554,99.33864676954384,627.0,6.4425401664681985,501
PA14_38470,PA14_38470,26,0.0003165451359448307,0.0003164950461034705,99.97060652309084,28.0,3.367295829986474,21
PA14_38480,PA14_38480,221,0.002588887004691651,0.0025855416093864604,99.75015544627212,229.0,5.438079308923196,188
PA14_38570,PA14_38570,120,0.001424453111751738,0.0014234395408266184,99.86433779888078,126.0,4.844187086458591,106
PA14_39160,PA14_39160,29,0.0003391555027980329,0.0003390980025711387,99.96721496806286,30.0,3.4339872044851463,24
PA14_39300,PA14_39300,289,0.0033011135605675204,0.0032956768467185308,99.67328019897123,292.0,5.680172609017068,250
PA14_39320,PA14_39320,459,0.005324741393929117,0.005310615082255793,99.48109208071901,471.0,6.156978985585555,398
PA14_39350,PA14_39350,404,0.004702956305466056,0.004691931957632126,99.54327058956531,416.0,6.0330862217988015,355
PA14_39390,PA14_39390,86,0.0010966027923803065,0.0010960019627456984,99.90277542253123,97.0,4.584967478670572,74
PA14_39480,PA14_39480,139,0.0015714204962975523,0.0015701871070558202,99.84285795037025,139.0,4.941642422609304,122
PA14_39610,PA14_39610,13,0.00014696738454581426,0.00014695658589777388,99.98530326154543,13.0,2.639057329615259,13
PA14_39800,PA14_39800,110,0.0013227064609123284,0.0013218324553384473,99.87564298230738,117.0,4.770684624465665,89
PA14_39820,PA14_39820,487,0.005618676163020745,0.005602950280370939,99.44943756712452,497.0,6.210600077024653,420
PA14_40160,PA14_40160,4,4.5220733706404386e-05,4.521971127984905e-05,99.99547792662936,4.0,1.6094379124341003,4
PA14_40260,PA14_40260,14,0.00015827256797241535,0.000158260044190959,99.98417274320276,14.0,2.70805020110221,11
PA14_40290,PA14_40290,3,3.391555027980329e-05,3.3914975160531515e-05,99.99660844497203,3.0,1.3862943611198906,3
PA14_40510,PA14_40510,107,0.0012209598100729184,0.0012202150448013475,99.87903453733537,108.0,4.6913478822291435,96
PA14_40540,PA14_40540,14,0.00015827256797241535,0.000158260044190959,99.98417274320276,14.0,2.70805020110221,12
PA14_40550,PA14_40550,16,0.00018088293482561754,0.00018086657748004204,99.98191170651744,16.0,2.833213344056216,12
PA14_40640,PA14_40640,97,0.0010966027923803065,0.0010960019627456984,99.89033972076197,97.0,4.584967478670572,79
PA14_40670,PA14_40670,1128,0.013487083827935108,0.01339694270235156,98.7247753094794,1193.0,7.085064293952548,945
PA14_40740,PA14_40740,4,4.5220733706404386e-05,4.521971127984905e-05,99.99547792662936,4.0,1.6094379124341003,4
PA14_40770,PA14_40770,666,0.007687524730088746,0.00765812628324772,99.24707478378836,680.0,6.523562306149512,578
PA14_40830,PA14_40830,19,0.00022610366853202194,0.00022607811094992958,99.97852015148946,20.0,3.044522437723423,19
PA14_40860,PA14_40860,151,0.0017296930642699678,0.001728198867974196,99.82929173025832,153.0,5.0369526024136295,129
PA14_40950,PA14_40950,336,0.003934203832457182,0.003926485090671845,99.6201458368662,348.0,5.855071922202427,295
PA14_41000,PA14_41000,219,0.0025549714544118476,0.002551713063728793,99.75241648295744,226.0,5.424950017481403,191
PA14_41010,PA14_41010,46,0.0005539539879034537,0.0005538006120325995,99.94799615623764,49.0,3.912023005428146,37
PA14_41030,PA14_41030,164,0.0018540500819625798,0.0018523334525930777,99.81459499180374,164.0,5.10594547390058,149
PA14_41050,PA14_41050,432,0.005087332541970494,0.005074435787334028,99.51161607597084,450.0,6.111467339502679,359
PA14_41060,PA14_41060,39,0.00047481770391724604,0.00047470501366141067,99.95590978463625,42.0,3.7612001156935624,35
PA14_41090,PA14_41090,52,0.0006443954553162625,0.0006441879217158663,99.94121304618167,57.0,4.060443010546419,43
PA14_41110,PA14_41110,1263,0.01453846588660901,0.014433795668048973,98.57215533322028,1286.0,7.160069207596127,1062
PA14_41130,PA14_41130,6,7.913628398620767e-05,7.913315287567465e-05,99.99321688994404,7.0,2.0794415416798357,5
PA14_41150,PA14_41150,7,7.913628398620767e-05,7.913315287567465e-05,99.99208637160137,7.0,2.0794415416798357,5
PA14_41160,PA14_41160,4,4.5220733706404386e-05,4.521971127984905e-05,99.99547792662936,4.0,1.6094379124341003,4
PA14_41170,PA14_41170,414,0.004906449607144876,0.004894452210349517,99.53196540613871,434.0,6.075346031088684,338
PA14_41190,PA14_41190,521,0.006251766434910406,0.0062323052123602505,99.41099994347408,553.0,6.317164686747284,465
PA14_41220,PA14_41220,754,0.009518964445198123,0.009473944572704144,99.14758916963427,842.0,6.736966958001855,632
PA14_41230,PA14_41230,1720,0.02391046294726132,0.023629084266279975,98.0555084506246,2115.0,7.65728279297819,1450
PA14_41240,PA14_41240,109,0.001390537561471935,0.0013895716594287018,99.87677350065005,123.0,4.820281565605037,98
PA14_41250,PA14_41250,17,0.00019218811825221863,0.00019216965248171653,99.98078118817479,17.0,2.8903717578961645,12
PA14_41320,PA14_41320,262,0.003007178791475892,0.0030026662737023297,99.70380419422305,266.0,5.58724865840025,227
PA14_41330,PA14_41330,310,0.0035724379628059464,0.0035660719632275833,99.64953931377536,316.0,5.75890177387728,273
PA14_41350,PA14_41350,182,0.0021253744842010063,0.0021231190710183433,99.79424566163586,188.0,5.241747015059643,158
PA14_41360,PA14_41360,564,0.007303148493584309,0.007276609637761895,99.3623876547397,646.0,6.472346294500901,484
PA14_41380,PA14_41380,531,0.006557006387428636,0.0065356027327005736,99.39969476004748,580.0,6.364750756851911,451
PA14_41390,PA14_41390,188,0.0022836470521734216,0.002281043493230377,99.78746255157989,202.0,5.313205979041787,159
PA14_41440,PA14_41440,2376,0.033327680741620035,0.03278435255798387,97.31388841783958,2948.0,7.989221408815276,2009
PA14_41470,PA14_41470,1804,0.025301000508733254,0.02498622851390762,97.96054490984116,2238.0,7.713784616598755,1532
PA14_41570,PA14_41570,1829,0.026951557289017013,0.026594760689829626,97.93228195127466,2384.0,7.776954403322442,1531
PA14_41575,PA14_41575,370,0.00443163190322763,0.004421841137952655,99.58170821321576,392.0,5.973809611869261,313
PA14_41590,PA14_41590,172,0.0020462382002147984,0.0020441475063813813,99.80555084506247,181.0,5.204006687076795,142
PA14_41610,PA14_41610,379,0.004589904471200045,0.0045794029813020064,99.57153354813182,406.0,6.008813185442595,323
PA14_41650,PA14_41650,228,0.0026454129218246567,0.002641919975894603,99.7422418178735,234.0,5.459585514144159,200
PA14_41670,PA14_41670,1455,0.018054377932281953,0.017893333138150242,98.35509581142954,1597.0,7.37650812632622,1209
PA14_41680,PA14_41680,3,3.391555027980329e-05,3.3914975160531515e-05,99.99660844497203,3.0,1.3862943611198906,3
PA14_41710,PA14_41710,25,0.0003052399525182296,0.00030519337628163404,99.9717370414335,27.0,3.332204510175204,21
PA14_41730,PA14_41730,12,0.00013566220111921315,0.00013565299983497514,99.98643377988809,12.0,2.5649493574615367,6
PA14_41750,PA14_41750,24,0.00028262958566502744,0.00028258965344752106,99.97286755977616,25.0,3.258096538021482,21
PA14_41790,PA14_41790,317,0.0038324571816177717,0.003825132027188742,99.64162568537674,339.0,5.8289456176102075,274
PA14_41810,PA14_41810,16,0.00022610366853202194,0.00022607811094992958,99.98191170651744,20.0,3.044522437723423,11
PA14_41820,PA14_41820,51,0.000587869538183257,0.0005876968105771786,99.94234356452434,52.0,3.970291913552122,42
PA14_41870,PA14_41870,919,0.011418235260867108,0.011353539223248017,98.96105364309537,1010.0,6.918695219020472,756
PA14_41910,PA14_41910,164,0.0018992708156689842,0.0018974694813072546,99.81459499180374,168.0,5.1298987149230735,143
PA14_41920,PA14_41920,149,0.0018427448985359788,0.0018410491270853045,99.83155276694364,163.0,5.099866427824199,118
PA14_41930,PA14_41930,28,0.0003278503193714318,0.0003277965881990097,99.96834548640552,29.0,3.4011973816621555,19
PA14_41950,PA14_41950,426,0.005166468825956701,0.00515316841698829,99.5183991860268,457.0,6.126869184114185,367
PA14_41960,PA14_41960,79,0.0009270250409812899,0.000926595618637672,99.91068905092985,82.0,4.418840607796598,64
PA14_41970,PA14_41970,3,3.391555027980329e-05,3.3914975160531515e-05,99.99660844497203,3.0,1.3862943611198906,3
PA14_41980,PA14_41980,160,0.0019557967328019898,0.0019538866524524243,99.81911706517438,173.0,5.159055299214529,142
PA14_42010,PA14_42010,549,0.006692668588547849,0.006670372108810038,99.37934542987959,592.0,6.385194398997726,472
PA14_42220,PA14_42220,145,0.0017975241648295745,0.0017959105516510809,99.83607484031428,159.0,5.075173815233827,120
PA14_42270,PA14_42270,304,0.00350460686224634,0.003498480038183825,99.65632242383133,310.0,5.739792912179234,263
PA14_42280,PA14_42280,3,3.391555027980329e-05,3.3914975160531515e-05,99.99660844497203,3.0,1.3862943611198906,3
PA14_42290,PA14_42290,5,5.6525917133005484e-05,5.652431960355255e-05,99.9943474082867,5.0,1.791759469228055,5
PA14_42310,PA14_42310,39,0.0004409021536374428,0.0004408049848431397,99.95590978463625,39.0,3.6888794541139363,32
PA14_42320,PA14_42320,62,0.0008252783901418801,0.0008249380351767882,99.92990786275507,73.0,4.304065093204169,50
PA14_42340,PA14_42340,35,0.00041829178678424057,0.00041820432716303916,99.9604318580069,37.0,3.6375861597263857,29
PA14_42350,PA14_42350,102,0.0012322649934995195,0.0012315063781385646,99.88468712904867,109.0,4.700480365792417,90
PA14_42380,PA14_42380,59,0.0006896161890226669,0.0006893785130424444,99.93329941778305,61.0,4.127134385045092,54
PA14_42390,PA14_42390,129,0.001627946413430558,0.0016266227450474687,99.85416313379685,144.0,4.976733742420574,108
PA14_42400,PA14_42400,100,0.0011531287095133118,0.0011524643672686569,99.886948165734,102.0,4.634728988229636,92
PA14_42440,PA14_42440,18,0.00021479848510542083,0.00021477541921377231,99.97965066983213,19.0,2.995732273553991,12
PA14_42500,PA14_42500,60,0.000700921372449268,0.0007006758417891824,99.9321688994404,62.0,4.143134726391533,53
PA14_42610,PA14_42610,260,0.0030184839749024927,0.003013937498828264,99.70606523090837,267.0,5.5909869805108565,226
PA14_42670,PA14_42670,7,7.913628398620767e-05,7.913315287567465e-05,99.99208637160137,7.0,2.0794415416798357,7
PA14_42690,PA14_42690,8,9.044146741280877e-05,9.043737782987161e-05,99.99095585325873,8.0,2.1972245773362196,6
PA14_42700,PA14_42700,12,0.00013566220111921315,0.00013565299983497514,99.98643377988809,12.0,2.5649493574615367,5
PA14_42750,PA14_42750,415,0.00494036515742468,0.004928201598645057,99.53083488779605,437.0,6.082218910376446,352
PA14_42760,PA14_42760,58,0.0006670058221694647,0.0006667834726528484,99.93442993612571,59.0,4.0943445622221,44
PA14_42770,PA14_42770,29,0.0003617658696512351,0.00036170044815671314,99.96721496806286,32.0,3.4965075614664802,28
PA14_42820,PA14_42820,576,0.0072240122095981,0.007198044021402282,99.34882143462778,639.0,6.461468176353717,475
PA14_42850,PA14_42850,64,0.000813973206715279,0.0008136421101816101,99.92764682606975,72.0,4.290459441148391,55
PA14_42860,PA14_42860,495,0.006217850884630603,0.006198599808819116,99.44039342038324,550.0,6.311734809152915,413
PA14_42980,PA14_42980,130,0.0016053360465773556,0.0016040488720471195,99.85303261545418,142.0,4.962844630259907,114
PA14_42990,PA14_42990,70,0.0008818043072748856,0.0008814157462631264,99.9208637160138,78.0,4.3694478524670215,63
PA14_43000,PA14_43000,272,0.0032445876434345146,0.0032393353269474724,99.69249901079645,287.0,5.662960480135946,235
PA14_43030,PA14_43030,8,9.044146741280877e-05,9.043737782987161e-05,99.99095585325873,8.0,2.1972245773362196,3
PA14_43050,PA14_43050,528,0.006206545701204002,0.006187364421844182,99.40308631507546,549.0,6.309918278226516,463
PA14_43110,PA14_43110,185,0.002193205584760613,0.0021908040201676633,99.79085410660788,194.0,5.272999558563747,159
PA14_43130,PA14_43130,442,0.005279520660222712,0.0052656328502298545,99.50031089254423,467.0,6.148468295917647,377
PA14_43170,PA14_43170,43,0.00048612288734384713,0.0004860047678918764,99.95138771126561,43.0,3.784189633918261,29
PA14_43270,PA14_43270,61,0.0006896161890226669,0.0006893785130424444,99.93103838109774,61.0,4.127134385045092,49
PA14_43280,PA14_43280,5,5.6525917133005484e-05,5.652431960355255e-05,99.9943474082867,5.0,1.791759469228055,5
PA14_43480,PA14_43480,8,9.044146741280877e-05,9.043737782987161e-05,99.99095585325873,8.0,2.1972245773362196,4
PA14_43540,PA14_43540,47,0.0005991747216098581,0.0005989952881074515,99.94686563789497,53.0,3.9889840465642745,40
PA14_43550,PA14_43550,386,0.004657735571759651,0.004646921886621139,99.5636199197332,412.0,6.023447592961033,335
PA14_43640,PA14_43640,177,0.0021592900344808096,0.0021569621182495457,99.79989825334916,191.0,5.2574953720277815,145
PA14_43670,PA14_43670,5,5.6525917133005484e-05,5.652431960355255e-05,99.9943474082867,5.0,1.791759469228055,4
PA14_43680,PA14_43680,333,0.004092476400429597,0.004084124996414353,99.62353739189417,362.0,5.8944028342648505,281
PA14_43690,PA14_43690,503,0.006489175286869029,0.006468211232989562,99.43134927364197,574.0,6.354370040797351,441
PA14_43760,PA14_43760,427,0.004906449607144876,0.004894452210349517,99.51726866768414,434.0,6.075346031088684,365
PA14_43770,PA14_43770,19,0.00021479848510542083,0.00021477541921377231,99.97852015148946,19.0,2.995732273553991,17
PA14_43780,PA14_43780,51,0.0005991747216098581,0.0005989952881074515,99.94234356452434,53.0,3.9889840465642745,35
PA14_43790,PA14_43790,28,0.0003165451359448307,0.0003164950461034705,99.96834548640552,28.0,3.367295829986474,17
PA14_43810,PA14_43810,348,0.004115086767282799,0.004106642954486866,99.60657961675429,364.0,5.8998973535824915,298
PA14_43850,PA14_43850,1355,0.017963936464869143,0.017804491631339854,98.46814764569555,1589.0,7.371489295214277,1147
PA14_43900,PA14_43900,539,0.00690746707365327,0.0068837198158507255,99.39065061330619,611.0,6.416732282512326,459
PA14_43920,PA14_43920,7,7.913628398620767e-05,7.913315287567465e-05,99.99208637160137,7.0,2.0794415416798357,4
PA14_43940,PA14_43940,227,0.002668023288677859,0.0026644704325423057,99.74337233621615,236.0,5.4680601411351315,188
PA14_43950,PA14_43950,689,0.008727601605336047,0.008689736246793913,99.22107286190719,772.0,6.650279048587422,579
PA14_43970,PA14_43970,755,0.009021536374427675,0.008981085419630264,99.14645865129161,798.0,6.683360945766275,650
PA14_44000,PA14_44000,433,0.005200384376236504,0.005186909075046792,99.51048555762817,460.0,6.133398042996649,381
PA14_44010,PA14_44010,4984,0.07686394211746085,0.0740530597551345,94.36549658018201,6799.0,8.824677891164198,4032
PA14_44020,PA14_44020,407,0.00495167034085128,0.004939451141632491,99.53987903453734,438.0,6.0844994130751715,351
PA14_44030,PA14_44030,444,0.0056865072635803515,0.005670400114582335,99.49804985585892,503.0,6.222576268071369,378
PA14_44050,PA14_44050,529,0.006263071618337008,0.006243540094422195,99.40195579673279,554.0,6.318968113746434,447
PA14_44060,PA14_44060,306,0.003640269063365553,0.0036336593199117933,99.65406138714602,322.0,5.777652323222656,246
PA14_44070,PA14_44070,659,0.007789271380928156,0.007759091624175653,99.25498841218699,689.0,6.536691597591305,560
PA14_44080,PA14_44080,24,0.00028262958566502744,0.00028258965344752106,99.97286755977616,25.0,3.258096538021482,19
PA14_44160,PA14_44160,12,0.00013566220111921315,0.00013565299983497514,99.98643377988809,12.0,2.5649493574615367,12
PA14_44210,PA14_44210,6,7.913628398620767e-05,7.913315287567465e-05,99.99321688994404,7.0,2.0794415416798357,6
PA14_44290,PA14_44290,268,0.003176756542874908,0.0031717213127903845,99.69702108416709,281.0,5.641907070938114,227
PA14_44300,PA14_44300,581,0.006726584138827652,0.00670406161509351,99.34316884291448,595.0,6.39024066706535,509
PA14_44311,PA14_44311,2275,0.027087219490136226,0.026726853815675283,97.42807077044824,2396.0,7.781973234434385,1876
PA14_44340,PA14_44340,4360,0.07568820304109435,0.07296064562158136,95.07094002600192,6695.0,8.80926561216931,3510
PA14_44350,PA14_44350,1434,0.019026623706969645,0.01884788118776447,98.3788366966254,1683.0,7.428927194802272,1204
PA14_44360,PA14_44360,2247,0.03289808377140919,0.03236852483598049,97.45972528404273,2910.0,7.976251943745623,1862
PA14_44370,PA14_44370,283,0.003436775761686733,0.003430883544162908,99.68006330902719,304.0,5.720311776607412,225
PA14_44400,PA14_44400,4,4.5220733706404386e-05,4.521971127984905e-05,99.99547792662936,4.0,1.6094379124341003,3
PA14_44420,PA14_44420,671,0.008467582386524222,0.008431933509294422,99.24142219207506,749.0,6.620073206530356,581
PA14_44430,PA14_44430,229,0.0026114973715448534,0.0026080933374135764,99.74111129953084,231.0,5.44673737166631,197
PA14_44440,PA14_44440,257,0.003233282460007914,0.0032280666420592234,99.70945678593635,286.0,5.659482215759621,222
PA14_44470,PA14_44470,3540,0.052659544401107906,0.05131986121570174,95.99796506698321,4658.0,8.446556111816797,2846
PA14_44480,PA14_44480,36,0.00041829178678424057,0.00041820432716303916,99.95930133966424,37.0,3.6375861597263857,31
PA14_44490,PA14_44490,1014,0.011689559663105534,0.011621764578857722,98.85365440054265,1034.0,6.942156705699469,869
PA14_44500,PA14_44500,185,0.0022836470521734216,0.002281043493230377,99.79085410660788,202.0,5.313205979041787,150
PA14_44510,PA14_44510,40,0.00046351252049064496,0.00046340513174505645,99.9547792662936,41.0,3.7376696182833684,33
PA14_44590,PA14_44590,291,0.0033463342942739245,0.0033407477771028407,99.67101916228592,296.0,5.6937321388027,258
PA14_44620,PA14_44620,243,0.0028715165903566786,0.0028674016621000466,99.72528404273359,254.0,5.541263545158426,216
PA14_44630,PA14_44630,14,0.00015827256797241535,0.000158260044190959,99.98417274320276,14.0,2.70805020110221,12
PA14_44660,PA14_44660,130,0.00175230343112317,0.0017507699386338908,99.85303261545418,155.0,5.049856007249537,108
PA14_44670,PA14_44670,992,0.012526143236674015,0.012448340145879975,98.87852580408118,1108.0,7.011213987350367,841
PA14_44690,PA14_44690,375,0.004578599287773444,0.004568149387185267,99.57605562150246,405.0,6.0063531596017325,330
PA14_44710,PA14_44710,243,0.0030184839749024927,0.003013937498828264,99.72528404273359,267.0,5.5909869805108565,209
PA14_44740,PA14_44740,17,0.00020349330167881974,0.00020347259972533063,99.98078118817479,18.0,2.9444389791664403,12
PA14_44770,PA14_44770,182,0.0021253744842010063,0.0021231190710183433,99.79424566163586,188.0,5.241747015059643,151
PA14_44780,PA14_44780,66,0.0007574472895822735,0.0007571605711576197,99.92538578938444,67.0,4.219507705176107,62
PA14_44800,PA14_44800,56,0.0006330902718896614,0.0006328899547848953,99.93669097281104,56.0,4.04305126783455,43
PA14_44830,PA14_44830,225,0.0028376010400768753,0.0028335826501756215,99.74563337290148,251.0,5.529429087511423,194
PA14_44880,PA14_44880,193,0.0022610366853202195,0.002258484388374701,99.78180995986659,200.0,5.303304908059076,173
PA14_44900,PA14_44900,87,0.0010739924255271042,0.0010734161082653986,99.90164490418857,95.0,4.564348191467836,74
PA14_44920,PA14_44920,82,0.0010287716918206998,0.0010282428688847215,99.90729749590187,91.0,4.5217885770490405,73
PA14_44970,PA14_44970,372,0.0043524956192414225,0.004343050905649546,99.57944717653045,385.0,5.955837369464831,325
PA14_44980,PA14_44980,192,0.0022723418687468203,0.0022697640044166906,99.78294047820926,201.0,5.308267697401205,168
PA14_45100,PA14_45100,1028,0.01184783223107795,0.011778196151537499,98.8378271437454,1048.0,6.955592608396297,891
PA14_45150,PA14_45150,10,0.00011305183426601097,0.00011304544438898252,99.9886948165734,10.0,2.3978952727983707,9
PA14_45190,PA14_45190,56,0.0007913628398620768,0.0007910498773902824,99.93669097281104,70.0,4.2626798770413155,49
PA14_45250,PA14_45250,4,4.5220733706404386e-05,4.521971127984905e-05,99.99547792662936,4.0,1.6094379124341003,3
PA14_45290,PA14_45290,20,0.00022610366853202194,0.00022607811094992958,99.9773896331468,20.0,3.044522437723423,18
PA14_45310,PA14_45310,371,0.0046012096546266465,0.004590656448776792,99.5805776948731,407.0,6.0112671744041615,284
PA14_45330,PA14_45330,395,0.004770787406025663,0.004759443265801882,99.55344525464925,422.0,6.0473721790462776,340
PA14_45340,PA14_45340,300,0.00340286021140693,0.0033970835835929773,99.66084449720198,301.0,5.71042701737487,261
PA14_45400,PA14_45400,45,0.0005087332541970493,0.0005086038933066846,99.94912667458028,45.0,3.828641396489095,36
PA14_45460,PA14_45460,55,0.0006217850884630604,0.0006215918602084255,99.93782149115368,55.0,4.02535169073515,43
PA14_45470,PA14_45470,673,0.008094511333446386,0.008061926497364619,99.23916115538974,716.0,6.57507584059962,586
PA14_45500,PA14_45500,704,0.008569329037363632,0.00853282075667145,99.20411508676729,758.0,6.6320017773956295,606
PA14_45520,PA14_45520,56,0.0006330902718896614,0.0006328899547848953,99.93669097281104,56.0,4.04305126783455,50
PA14_45540,PA14_45540,338,0.003945509015883783,0.003937745908094701,99.61788480018087,349.0,5.857933154483459,280
PA14_45560,PA14_45560,168,0.001967101916228591,0.0019651697047438498,99.81007291843311,174.0,5.1647859739235145,154
PA14_45580,PA14_45580,180,0.0022610366853202195,0.002258484388374701,99.79650669832118,200.0,5.303304908059076,165
PA14_45590,PA14_45590,12,0.00014696738454581426,0.00014695658589777388,99.98643377988809,13.0,2.639057329615259,11
PA14_45610,PA14_45610,195,0.0023062574190266237,0.0023036020891843215,99.77954892318128,204.0,5.3230099791384085,175
PA14_45630,PA14_45630,117,0.0013566220111921317,0.0013557026309585457,99.86772935390876,120.0,4.795790545596741,95
PA14_45640,PA14_45640,450,0.005426488044768527,0.005411817706863564,99.49126674580296,480.0,6.175867270105761,364
PA14_45660,PA14_45660,199,0.0022610366853202195,0.002258484388374701,99.77502684981063,200.0,5.303304908059076,186
PA14_45700,PA14_45700,69,0.0007800576564354757,0.0007797535695883674,99.92199423435645,69.0,4.248495242049359,61
PA14_45720,PA14_45720,19,0.00021479848510542083,0.00021477541921377231,99.97852015148946,19.0,2.995732273553991,18
PA14_45740,PA14_45740,17,0.00019218811825221863,0.00019216965248171653,99.98078118817479,17.0,2.8903717578961645,11
PA14_45770,PA14_45770,115,0.0013679271946187327,0.0013669924345725319,99.86999039059408,121.0,4.804021044733257,100
PA14_45840,PA14_45840,306,0.0036515742467921543,0.0036449234352564533,99.65406138714602,323.0,5.780743515792329,268
PA14_45890,PA14_45890,11,0.00012435701769261207,0.00012434928599967425,99.98756429823074,11.0,2.4849066497880004,5
PA14_45930,PA14_45930,3,4.5220733706404386e-05,4.521971127984905e-05,99.99660844497203,4.0,1.6094379124341003,3
PA14_45940,PA14_45940,546,0.006828330789667062,0.006805123324582195,99.38273698490758,604.0,6.405228458030842,474
PA14_45950,PA14_45950,20,0.00023740885195862302,0.00023738067493669026,99.9773896331468,21.0,3.091042453358316,13
PA14_45960,PA14_45960,6,6.783110055960658e-05,6.782880013453133e-05,99.99321688994404,6.0,1.9459101490553132,6
PA14_45970,PA14_45970,134,0.0015827256797241536,0.0015814744894555248,99.84851054208355,140.0,4.948759890378168,116
PA14_46100,PA14_46100,4,4.5220733706404386e-05,4.521971127984905e-05,99.99547792662936,4.0,1.6094379124341003,4
PA14_46150,PA14_46150,94,0.0010739924255271042,0.0010734161082653986,99.89373127578996,95.0,4.564348191467836,86
PA14_46160,PA14_46160,725,0.00938330224407891,0.009339552528510875,99.18037420157142,830.0,6.7226297948554485,613
PA14_46220,PA14_46220,9,0.00010174665083940987,0.00010174147500001126,99.98982533491606,9.0,2.302585092994046,7
PA14_46240,PA14_46240,50,0.0006443954553162625,0.0006441879217158663,99.94347408286698,57.0,4.060443010546419,42
PA14_46280,PA14_46280,6,7.913628398620767e-05,7.913315287567465e-05,99.99321688994404,7.0,2.0794415416798357,3
PA14_46290,PA14_46290,56,0.0006557006387428636,0.0006554857610042226,99.93669097281104,58.0,4.07753744390572,47
PA14_46450,PA14_46450,761,0.009055451924707478,0.009014697170301463,99.13967554123566,801.0,6.687108607866515,647
PA14_46460,PA14_46460,199,0.002362783336159629,0.0023599963527747765,99.77502684981063,209.0,5.3471075307174685,171
PA14_46510,PA14_46510,30,0.0003391555027980329,0.0003390980025711387,99.9660844497202,30.0,3.4339872044851463,21
PA14_46620,PA14_46620,195,0.0022045107681872137,0.0022020843996397484,99.77954892318128,195.0,5.278114659230518,168
PA14_46680,PA14_46680,12,0.00013566220111921315,0.00013565299983497514,99.98643377988809,12.0,2.5649493574615367,7
PA14_46900,PA14_46900,179,0.002102764117347804,0.002100556403207544,99.79763721666384,186.0,5.231108616854587,153
PA14_46910,PA14_46910,97,0.0011079079758069075,0.0011072946986934202,99.89033972076197,98.0,4.59511985013459,85
PA14_46950,PA14_46950,11,0.00012435701769261207,0.00012434928599967425,99.98756429823074,11.0,2.4849066497880004,9
PA14_46980,PA14_46980,349,0.0040585608501497936,0.004050347108542469,99.60544909841163,359.0,5.886104031450156,293
PA14_47090,PA14_47090,186,0.0022497315018936183,0.002247204645101538,99.78972358826522,199.0,5.298317366548036,167
PA14_47120,PA14_47120,4,4.5220733706404386e-05,4.521971127984905e-05,99.99547792662936,4.0,1.6094379124341003,3
PA14_47180,PA14_47180,365,0.004239443784975411,0.00423048266103245,99.58736080492906,375.0,5.929589143389895,308
PA14_47260,PA14_47260,93,0.001051382058673902,0.0010508297436527545,99.89486179413261,93.0,4.543294782270004,83
PA14_47350,PA14_47350,320,0.003640269063365553,0.0036336593199117933,99.63823413034876,322.0,5.777652323222656,280
PA14_47360,PA14_47360,15,0.00019218811825221863,0.00019216965248171653,99.9830422248601,17.0,2.8903717578961645,13
PA14_47430,PA14_47430,426,0.00495167034085128,0.004939451141632491,99.5183991860268,438.0,6.0844994130751715,363
PA14_47440,PA14_47440,94,0.0012209598100729184,0.0012202150448013475,99.89373127578996,108.0,4.6913478822291435,80
PA14_47460,PA14_47460,383,0.004476852636934034,0.004466861340776273,99.56701147476117,396.0,5.983936280687191,336
PA14_47540,PA14_47540,120,0.001401842744898536,0.0014008610806766414,99.86433779888078,124.0,4.8283137373023015,99
PA14_47610,PA14_47610,247,0.0028715165903566786,0.0028674016621000466,99.72076196936295,254.0,5.541263545158426,213
PA14_47760,PA14_47760,268,0.0031089254423153014,0.0031041027266692552,99.69702108416709,275.0,5.62040086571715,232
PA14_47880,PA14_47880,434,0.005076027358543892,0.005063187762768223,99.50935503928551,449.0,6.1092475827643655,394
PA14_47900,PA14_47900,169,0.0019444915493753885,0.0019426034728522931,99.80894240009044,172.0,5.153291594497779,158
PA14_47940,PA14_47940,23,0.0002600192188118252,0.00025998541967357287,99.97399807811883,23.0,3.1780538303479458,19
PA14_48030,PA14_48030,4,4.5220733706404386e-05,4.521971127984905e-05,99.99547792662936,4.0,1.6094379124341003,4
PA14_48040,PA14_48040,5,5.6525917133005484e-05,5.652431960355255e-05,99.9943474082867,5.0,1.791759469228055,3
PA14_48060,PA14_48060,187,0.0021592900344808096,0.0021569621182495457,99.78859306992256,191.0,5.2574953720277815,176
PA14_48150,PA14_48150,109,0.0013227064609123284,0.0013218324553384473,99.87677350065005,117.0,4.770684624465665,90
PA14_48160,PA14_48160,143,0.0016957775139901645,0.0016943413067310978,99.83833587699961,150.0,5.017279836814924,124
PA14_48340,PA14_48340,10,0.00011305183426601097,0.00011304544438898252,99.9886948165734,10.0,2.3978952727983707,8
PA14_48420,PA14_48420,21,0.00028262958566502744,0.00028258965344752106,99.97625911480414,25.0,3.258096538021482,20
PA14_48540,PA14_48540,6,6.783110055960658e-05,6.782880013453133e-05,99.99321688994404,6.0,1.9459101490553132,4
PA14_48800,PA14_48800,10,0.00011305183426601097,0.00011304544438898252,99.9886948165734,10.0,2.3978952727983707,7
PA14_48830,PA14_48830,626,0.007698829913515347,0.007669345157882522,99.29229551749476,681.0,6.525029657843462,524
PA14_48870,PA14_48870,190,0.0021592900344808096,0.0021569621182495457,99.78520151489458,191.0,5.2574953720277815,163
PA14_48890,PA14_48890,6,6.783110055960658e-05,6.782880013453133e-05,99.99321688994404,6.0,1.9459101490553132,4
PA14_49130,PA14_49130,151,0.0018201345316827765,0.0018184800940545666,99.82929173025832,161.0,5.087596335232384,127
PA14_49160,PA14_49160,217,0.002690633655531061,0.0026870203806783803,99.75467751964275,238.0,5.476463551931511,176
PA14_49200,PA14_49200,235,0.002826295856650274,0.0028223093920348007,99.73432818947488,250.0,5.5254529391317835,194
PA14_49250,PA14_49250,72,0.0008252783901418801,0.0008249380351767882,99.91860267932847,73.0,4.304065093204169,63
PA14_49380,PA14_49380,11800,0.1410434684302753,0.13194316693803904,86.65988355661071,12476.0,9.431642228411022,8549
PA14_49440,PA14_49440,130,0.001503589395737946,0.001502460137021692,99.85303261545418,133.0,4.897839799950911,113
PA14_49460,PA14_49460,1429,0.019953648747950935,0.01975718385967272,98.3844892883387,1765.0,7.476472381163905,1175
PA14_49470,PA14_49470,333,0.003866372731897575,0.0038589175230785717,99.62353739189417,342.0,5.83773044716594,301
PA14_49480,PA14_49480,124,0.001526199762591148,0.0015250363033638443,99.85981572551015,135.0,4.912654885736052,106
PA14_49500,PA14_49500,221,0.0027923803063704708,0.002788488855074185,99.75015544627212,247.0,5.5134287461649825,189
PA14_49540,PA14_49540,8,9.044146741280877e-05,9.043737782987161e-05,99.99095585325873,8.0,2.1972245773362196,7
PA14_49650,PA14_49650,109,0.0012661805437793228,0.001265379613205118,99.87677350065005,112.0,4.727387818712341,94
PA14_49740,PA14_49740,349,0.004035950483296591,0.0040278278827525,99.60544909841163,357.0,5.8805329864007,297
PA14_49790,PA14_49790,221,0.002566276637838449,0.002562989372767438,99.75015544627212,227.0,5.429345628954441,200
PA14_49870,PA14_49870,40,0.0005652591713300549,0.0005650994725426374,99.9547792662936,50.0,3.9318256327243257,36
PA14_49900,PA14_49900,507,0.005856085014979368,0.0058390047988198706,99.42682720027133,518.0,6.251903883165888,440
PA14_49940,PA14_49940,20,0.00023740885195862302,0.00023738067493669026,99.9773896331468,21.0,3.091042453358316,18
PA14_49990,PA14_49990,1088,0.012718331354926234,0.01263813265857687,98.7699960431858,1125.0,7.026426808699636,924
PA14_50000,PA14_50000,71,0.0008026680232886778,0.000802346057587069,99.91973319767114,71.0,4.276666119016055,61
PA14_50010,PA14_50010,8,9.044146741280877e-05,9.043737782987161e-05,99.99095585325873,8.0,2.1972245773362196,8
PA14_50040,PA14_50040,260,0.0030976202588887006,0.0030928325177758146,99.70606523090837,274.0,5.616771097666572,222
PA14_50060,PA14_50060,287,0.0033124187439941212,0.003306944769758735,99.67554123565655,293.0,5.683579767338681,238
PA14_50080,PA14_50080,253,0.0029393476909162853,0.0029350362549655806,99.71397885930699,260.0,5.564520407322694,216
PA14_50100,PA14_50100,48,0.0005991747216098581,0.0005989952881074515,99.94573511955231,53.0,3.9889840465642745,41
PA14_50110,PA14_50110,120,0.0014696738454581426,0.001468594931823533,99.86433779888078,130.0,4.875197323201151,100
PA14_50130,PA14_50130,690,0.008625854954496637,0.008588864829745172,99.21994234356453,763.0,6.638567789166521,582
PA14_50200,PA14_50200,183,0.0021819004013340117,0.0021795235134471815,99.79311514329319,193.0,5.267858159063328,157
PA14_50220,PA14_50220,430,0.005030806624837488,0.005018194399281746,99.51387711265616,445.0,6.100318952020064,369
PA14_50250,PA14_50250,200,0.002317562602453225,0.0023148811963303196,99.77389633146798,205.0,5.327876168789581,172
PA14_50270,PA14_50270,368,0.0047481770391724605,0.004736940002827801,99.58396924990109,420.0,6.042632833682381,309
PA14_50280,PA14_50280,449,0.005279520660222712,0.0052656328502298545,99.49239726414561,467.0,6.148468295917647,377
PA14_50290,PA14_50290,2208,0.031473630659657456,0.030988489130330733,97.50381549940647,2784.0,7.932003152361385,1838
PA14_50300,PA14_50300,166,0.002012322649934995,0.0020103006408799524,99.81233395511843,178.0,5.187385805840755,137
PA14_50310,PA14_50310,157,0.0017862189814029732,0.001784625589427372,99.82250862020237,158.0,5.0689042022202315,142
PA14_50330,PA14_50330,86,0.0010174665083940986,0.001016949240185232,99.90277542253123,90.0,4.51085950651685,73
PA14_50360,PA14_50360,730,0.009134588208693686,0.009093120195341796,99.17472160985812,808.0,6.695798917058491,643
PA14_50380,PA14_50380,99,0.0011983494432197162,0.0011976319956370897,99.88807868407665,106.0,4.672828834461906,77
PA14_50420,PA14_50420,26,0.0003278503193714318,0.0003277965881990097,99.97060652309084,29.0,3.4011973816621555,23
PA14_50430,PA14_50430,610,0.007563167712396133,0.00753471035458255,99.31038381097733,669.0,6.507277712385012,501
PA14_50450,PA14_50450,30,0.0003391555027980329,0.0003390980025711387,99.9660844497202,30.0,3.4339872044851463,22
PA14_50460,PA14_50460,581,0.007178791475891696,0.007153146611975263,99.34316884291448,635.0,6.455198563340122,463
PA14_50470,PA14_50470,147,0.0016844723305635633,0.0016830551982376168,99.83381380362897,149.0,5.0106352940962555,128
PA14_50480,PA14_50480,222,0.0025549714544118476,0.002551713063728793,99.74902492792945,226.0,5.424950017481403,202
PA14_50500,PA14_50500,3,3.391555027980329e-05,3.3914975160531515e-05,99.99660844497203,3.0,1.3862943611198906,3
PA14_50570,PA14_50570,67,0.0008252783901418801,0.0008249380351767882,99.92425527104177,73.0,4.304065093204169,62
PA14_50590,PA14_50590,53,0.0006443954553162625,0.0006441879217158663,99.94008252783901,57.0,4.060443010546419,44
PA14_50670,PA14_50670,97,0.001175739076366514,0.001175048436467205,99.89033972076197,104.0,4.653960350157523,77
PA14_50710,PA14_50710,774,0.009055451924707478,0.009014697170301463,99.12497880278107,801.0,6.687108607866515,656
PA14_50730,PA14_50730,7,7.913628398620767e-05,7.913315287567465e-05,99.99208637160137,7.0,2.0794415416798357,5
PA14_50770,PA14_50770,29,0.0003278503193714318,0.0003277965881990097,99.96721496806286,29.0,3.4011973816621555,21
PA14_50800,PA14_50800,336,0.003945509015883783,0.003937745908094701,99.6201458368662,349.0,5.857933154483459,283
PA14_50810,PA14_50810,126,0.001526199762591148,0.0015250363033638443,99.85755468882482,135.0,4.912654885736052,113
PA14_50900,PA14_50900,614,0.0071561811090384946,0.007130697151322613,99.30586173760669,633.0,6.452048954437226,510
PA14_50930,PA14_50930,472,0.005494319145328133,0.00547928043373257,99.46639534226442,486.0,6.18826412308259,407
PA14_50980,PA14_50980,133,0.0016957775139901645,0.0016943413067310978,99.84964106042621,150.0,5.017279836814924,114
PA14_51010,PA14_51010,233,0.00267932847210446,0.002675745470172863,99.7365892261602,237.0,5.472270673671475,210
PA14_51020,PA14_51020,287,0.00340286021140693,0.0033970835835929773,99.67554123565655,301.0,5.71042701737487,249
PA14_51220,PA14_51220,246,0.002950652874342886,0.0029463082423861614,99.72189248770562,261.0,5.568344503761097,218
PA14_51240,PA14_51240,200,0.0024871403538522414,0.0024840525391083804,99.77389633146798,220.0,5.3981627015177525,163
PA14_51250,PA14_51250,90,0.0010626872421005031,0.00106212298972706,99.8982533491606,94.0,4.553876891600541,79
PA14_51260,PA14_51260,397,0.004725566672319258,0.00471443623344548,99.55118421796394,418.0,6.037870919922137,344
PA14_51270,PA14_51270,414,0.004985585891131084,0.004973199011301422,99.53196540613871,441.0,6.091309882077698,344
PA14_51330,PA14_51330,108,0.001401842744898536,0.0014008610806766414,99.87790401899271,124.0,4.8283137373023015,94
PA14_51340,PA14_51340,14,0.00016957775139901646,0.00016956337471741895,99.98417274320276,15.0,2.772588722239781,13
PA14_51360,PA14_51360,537,0.006602227121135041,0.006580527876187807,99.39291164999152,584.0,6.371611847231857,460
PA14_51380,PA14_51380,1899,0.027132440223842633,0.026770880980443054,97.85314566728846,2400.0,7.783640596221253,1589
PA14_51390,PA14_51390,554,0.006613532304561642,0.006591758846712243,99.37369283816629,585.0,6.373319789577012,478
PA14_51410,PA14_51410,468,0.005912610932112374,0.005895200043593047,99.47091741563507,523.0,6.261491684321042,403
PA14_51420,PA14_51420,901,0.011056469391215873,0.010995793464868545,98.98140297326324,978.0,6.88653164253051,757
PA14_51430,PA14_51430,2413,0.035340003391555026,0.03472987846347524,97.27205923916115,3126.0,8.047829357457841,2004
PA14_51490,PA14_51490,39,0.00048612288734384713,0.0004860047678918764,99.95590978463625,43.0,3.784189633918261,34
PA14_51530,PA14_51530,22,0.0002939347690916285,0.0002938915787306133,99.97512859646149,26.0,3.295836866004329,19
PA14_51550,PA14_51550,274,0.003154146176021706,0.0031491822921098788,99.69023797411113,279.0,5.634789603169249,238
PA14_51590,PA14_51590,22,0.0002600192188118252,0.00025998541967357287,99.97512859646149,23.0,3.1780538303479458,15
PA14_51640,PA14_51640,63,0.000813973206715279,0.0008136421101816101,99.92877734441241,72.0,4.290459441148391,52
PA14_51670,PA14_51670,173,0.002012322649934995,0.0020103006408799524,99.80442032671981,178.0,5.187385805840755,155
PA14_51690,PA14_51690,305,0.003538522412526143,0.0035322765717892457,99.65519190548868,313.0,5.749392985908253,264
PA14_51710,PA14_51710,1077,0.014052342999265163,0.013954524151565978,98.78243174495506,1243.0,7.126087273299125,906
PA14_51720,PA14_51720,889,0.011373014527160703,0.011308828001841777,98.99496919337516,1006.0,6.914730892718563,762
PA14_51730,PA14_51730,585,0.007370979594143915,0.007343946682140006,99.33864676954384,652.0,6.481577129276431,496
PA14_51750,PA14_51750,367,0.004793397772878865,0.004781946022390513,99.58509976824374,424.0,6.052089168924417,309
PA14_51780,PA14_51780,551,0.006319597535470013,0.00629971261147128,99.37708439319428,559.0,6.327936783729195,483
PA14_51800,PA14_51800,17,0.00019218811825221863,0.00019216965248171653,99.98078118817479,17.0,2.8903717578961645,15
PA14_51810,PA14_51810,98,0.0011192131592335085,0.0011185873071166968,99.88920920241931,99.0,4.605170185988092,75
PA14_51820,PA14_51820,443,0.005347351760782318,0.005333105439516065,99.49918037420157,473.0,6.161207321695077,378
PA14_51830,PA14_51830,326,0.004103781583856198,0.004095384038832913,99.6314510202928,363.0,5.8971538676367405,280
PA14_51840,PA14_51840,7,7.913628398620767e-05,7.913315287567465e-05,99.99208637160137,7.0,2.0794415416798357,4
PA14_51880,PA14_51880,400,0.004985585891131084,0.004973199011301422,99.54779266293595,441.0,6.091309882077698,334
PA14_51890,PA14_51890,4,4.5220733706404386e-05,4.521971127984905e-05,99.99547792662936,4.0,1.6094379124341003,3
PA14_51900,PA14_51900,61,0.0007574472895822735,0.0007571605711576197,99.93103838109774,67.0,4.219507705176107,50
PA14_51940,PA14_51940,6,6.783110055960658e-05,6.782880013453133e-05,99.99321688994404,6.0,1.9459101490553132,6
PA14_52010,PA14_52010,766,0.009745068113730146,0.009697891184768001,99.13402294952236,862.0,6.760414691083428,658
PA14_52020,PA14_52020,60,0.000700921372449268,0.0007006758417891824,99.9321688994404,62.0,4.143134726391533,48
PA14_52040,PA14_52040,3,3.391555027980329e-05,3.3914975160531515e-05,99.99660844497203,3.0,1.3862943611198906,3
PA14_52050,PA14_52050,32,0.0003617658696512351,0.00036170044815671314,99.96382341303487,32.0,3.4965075614664802,24
PA14_52060,PA14_52060,8,9.044146741280877e-05,9.043737782987161e-05,99.99095585325873,8.0,2.1972245773362196,6
PA14_52130,PA14_52130,34,0.0004069866033576395,0.000406903806773955,99.96156237634956,36.0,3.6109179126442243,28
PA14_52140,PA14_52140,6,7.913628398620767e-05,7.913315287567465e-05,99.99321688994404,7.0,2.0794415416798357,3
PA14_52160,PA14_52160,19,0.00024871403538522413,0.00024868311117694214,99.97852015148946,22.0,3.1354942159291497,17
PA14_52180,PA14_52180,14,0.00015827256797241535,0.000158260044190959,99.98417274320276,14.0,2.70805020110221,12
PA14_52210,PA14_52210,213,0.002419309253292635,0.0024163874362316063,99.75919959301339,214.0,5.3706380281276624,184
PA14_52260,PA14_52260,390,0.004680345938612854,0.004669427175364944,99.55909784636255,414.0,6.028278520230698,337
PA14_52280,PA14_52280,80,0.0009270250409812899,0.000926595618637672,99.9095585325872,82.0,4.418840607796598,59
PA14_52300,PA14_52300,4,4.5220733706404386e-05,4.521971127984905e-05,99.99547792662936,4.0,1.6094379124341003,3
PA14_52350,PA14_52350,31,0.0003617658696512351,0.00036170044815671314,99.96495393137754,32.0,3.4965075614664802,30
PA14_52400,PA14_52400,10,0.00014696738454581426,0.00014695658589777388,99.9886948165734,13.0,2.639057329615259,10
PA14_52420,PA14_52420,10,0.00011305183426601097,0.00011304544438898252,99.9886948165734,10.0,2.3978952727983707,10
PA14_52570,PA14_52570,69,0.0008478887569950823,0.0008475295023805865,99.92199423435645,75.0,4.330733340286331,62
PA14_52580,PA14_52580,28,0.0003165451359448307,0.0003164950461034705,99.96834548640552,28.0,3.367295829986474,25
PA14_52600,PA14_52600,353,0.004510768187213837,0.004500625162844138,99.60092702504099,399.0,5.991464547107982,300
PA14_52630,PA14_52630,155,0.0019105759990955854,0.001908753170170938,99.82476965688768,169.0,5.135798437050262,143
PA14_52660,PA14_52660,417,0.005211689559663105,0.005198155708086144,99.52857385111074,461.0,6.135564891081739,343
PA14_52670,PA14_52670,33,0.0003730710530778362,0.00037300147937593215,99.96269289469222,33.0,3.5263605246161616,26
PA14_52720,PA14_52720,707,0.008365835735684812,0.008331036082653743,99.2007235317393,740.0,6.608000625296087,598
PA14_52780,PA14_52780,72,0.0008478887569950823,0.0008475295023805865,99.91860267932847,75.0,4.330733340286331,61
PA14_52790,PA14_52790,511,0.006217850884630603,0.006198599808819116,99.42230512690068,550.0,6.311734809152915,439
PA14_52800,PA14_52800,411,0.004827313323158668,0.004815699207850595,99.5353569611667,427.0,6.059123195581797,346
PA14_52940,PA14_52940,19,0.0002713244022384263,0.00027128760042947,99.97852015148946,24.0,3.2188758248682006,18
PA14_52980,PA14_52980,4,4.5220733706404386e-05,4.521971127984905e-05,99.99547792662936,4.0,1.6094379124341003,4
PA14_52990,PA14_52990,218,0.0026341077383980555,0.002630644556871724,99.75354700130009,233.0,5.455321115357702,187
PA14_53000,PA14_53000,373,0.004318580068961619,0.004309281762763465,99.57831665818779,382.0,5.948034989180646,324
PA14_53070,PA14_53070,330,0.0037533208976315642,0.003746294764152431,99.62692894692216,332.0,5.808142489980444,290
PA14_53140,PA14_53140,408,0.0048499236900118705,0.004838200698575305,99.53874851619467,429.0,6.063785208687608,367
PA14_53200,PA14_53200,460,0.005516929512181335,0.005501766998011361,99.47996156237635,488.0,6.192362489474872,345
PA14_53310,PA14_53310,12,0.00013566220111921315,0.00013565299983497514,99.98643377988809,12.0,2.5649493574615367,9
PA14_53370,PA14_53370,461,0.005268215476796111,0.005254386976059822,99.47883104403368,466.0,6.1463292576688975,383
PA14_53430,PA14_53430,44,0.0005313436210502516,0.0005312025080125651,99.95025719292295,47.0,3.8712010109078907,31
PA14_53470,PA14_53470,42,0.0004974280707704483,0.0004973043944393392,99.95251822960827,44.0,3.8066624897703196,30
PA14_53480,PA14_53480,430,0.005324741393929117,0.005310615082255793,99.51387711265616,471.0,6.156978985585555,368
PA14_53500,PA14_53500,16,0.00018088293482561754,0.00018086657748004204,99.98191170651744,16.0,2.833213344056216,9
PA14_53580,PA14_53580,19,0.00022610366853202194,0.00022607811094992958,99.97852015148946,20.0,3.044522437723423,18
PA14_53590,PA14_53590,109,0.0013792323780453337,0.001378282110728291,99.87677350065005,122.0,4.812184355372417,96
PA14_53650,PA14_53650,73,0.0008591939404216833,0.0008588250445949717,99.91747216098581,76.0,4.343805421853684,67
PA14_53720,PA14_53720,151,0.0017636086145497712,0.0017620552829216516,99.82929173025832,156.0,5.056245805348308,128
PA14_53830,PA14_53830,4,4.5220733706404386e-05,4.521971127984905e-05,99.99547792662936,4.0,1.6094379124341003,4
PA14_53840,PA14_53840,526,0.006263071618337008,0.006243540094422195,99.40534735176078,554.0,6.318968113746434,463
PA14_53950,PA14_53950,1499,0.018280481600813973,0.01811540238025225,98.3053530043525,1617.0,7.388946097618437,1247
PA14_53980,PA14_53980,374,0.00453337855406704,0.004523133744241746,99.57718613984513,401.0,5.996452088619021,318
PA14_54000,PA14_54000,25,0.0003278503193714318,0.0003277965881990097,99.9717370414335,29.0,3.4011973816621555,21
PA14_54030,PA14_54030,42,0.0005087332541970493,0.0005086038933066846,99.95251822960827,45.0,3.828641396489095,37
PA14_54040,PA14_54040,20,0.00022610366853202194,0.00022607811094992958,99.9773896331468,20.0,3.044522437723423,12
PA14_54090,PA14_54090,30,0.0003391555027980329,0.0003390980025711387,99.9660844497202,30.0,3.4339872044851463,26
PA14_54150,PA14_54150,8,9.044146741280877e-05,9.043737782987161e-05,99.99095585325873,8.0,2.1972245773362196,5
PA14_54170,PA14_54170,421,0.004883839240291674,0.004871951985346317,99.5240517777401,432.0,6.07073772800249,370
PA14_54210,PA14_54210,321,0.00392289864903058,0.003915224146441553,99.6371036120061,347.0,5.8522024797744745,269
PA14_54230,PA14_54230,5,5.6525917133005484e-05,5.652431960355255e-05,99.9943474082867,5.0,1.791759469228055,5
PA14_54320,PA14_54320,596,0.007020518907919281,0.006995989802833063,99.32621106777458,621.0,6.432940092739179,491
PA14_54330,PA14_54330,8,0.00010174665083940987,0.00010174147500001126,99.99095585325873,9.0,2.302585092994046,7
PA14_54340,PA14_54340,26,0.0003052399525182296,0.00030519337628163404,99.97060652309084,27.0,3.332204510175204,24
PA14_54370,PA14_54370,361,0.004442937086654231,0.004433096378674234,99.5918828782997,393.0,5.976350909297934,314
PA14_54390,PA14_54390,64,0.0007461421061556723,0.000745863880523021,99.92764682606975,66.0,4.204692619390966,56
PA14_54400,PA14_54400,240,0.0028941269572098807,0.002889947034663283,99.72867559776158,256.0,5.54907608489522,197
PA14_54420,PA14_54420,536,0.007088350008478888,0.007063345745336554,99.39404216833418,627.0,6.4425401664681985,458
PA14_54430,PA14_54430,1020,0.01350969419478831,0.013419251930564736,98.84687129048669,1195.0,7.086737934510577,889
PA14_54450,PA14_54450,23,0.0002600192188118252,0.00025998541967357287,99.97399807811883,23.0,3.1780538303479458,17
PA14_54620,PA14_54620,21,0.00023740885195862302,0.00023738067493669026,99.97625911480414,21.0,3.091042453358316,20
PA14_54660,PA14_54660,80,0.0009948561415408965,0.0009943616001409036,99.9095585325872,88.0,4.48863636973214,71
PA14_54760,PA14_54760,495,0.005788253914419761,0.005771566336391254,99.44039342038324,512.0,6.240275845170769,427
PA14_54820,PA14_54820,281,0.003414165394833531,0.003408350364054246,99.68232434571252,302.0,5.713732805509369,243
PA14_54940,PA14_54940,109,0.0013227064609123284,0.0013218324553384473,99.87677350065005,117.0,4.770684624465665,95
PA14_55040,PA14_55040,132,0.0015488101294443503,0.0015476119600342166,99.85077157876887,137.0,4.927253685157205,115
PA14_55080,PA14_55080,1173,0.014911536939686847,0.01480145297102335,98.67390198405968,1319.0,7.1853870155804165,965
PA14_55100,PA14_55100,32,0.0003956814199310384,0.00039560315868166667,99.96382341303487,35.0,3.58351893845611,26
PA14_55110,PA14_55110,83,0.0009609405912610932,0.0009604791834178188,99.90616697755921,85.0,4.454347296253507,72
PA14_55180,PA14_55180,292,0.00340286021140693,0.0033970835835929773,99.66988864394325,301.0,5.71042701737487,260
PA14_55230,PA14_55230,107,0.0013453168277655304,0.001344412699883455,99.87903453733537,119.0,4.787491742782046,86
PA14_55400,PA14_55400,185,0.0021819004013340117,0.0021795235134471815,99.79085410660788,193.0,5.267858159063328,168
PA14_55410,PA14_55410,254,0.002928042507489684,0.002923764140485866,99.71284834096433,259.0,5.560681631015528,216
PA14_55631,PA14_55631,18589,0.6592843818890961,0.5063864141726492,78.98479452829122,58317.0,10.97366607254169,12164
PA14_55660,PA14_55660,7,7.913628398620767e-05,7.913315287567465e-05,99.99208637160137,7.0,2.0794415416798357,4
PA14_55670,PA14_55670,754,0.008976315640721272,0.008936267994607918,99.14758916963427,794.0,6.678342114654332,643
PA14_55690,PA14_55690,67,0.0009383302244078911,0.0009378902677977526,99.92425527104177,83.0,4.430816798843313,53
PA14_55710,PA14_55710,166,0.001967101916228591,0.0019651697047438498,99.81233395511843,174.0,5.1647859739235145,147
PA14_55760,PA14_55760,114,0.0013114012774857271,0.0013105421418627735,99.87112090893675,116.0,4.762173934797756,105
PA14_55770,PA14_55770,153,0.0018201345316827765,0.0018184800940545666,99.82703069357301,161.0,5.087596335232384,131
PA14_55780,PA14_55780,3,3.391555027980329e-05,3.3914975160531515e-05,99.99660844497203,3.0,1.3862943611198906,3
PA14_55980,PA14_55980,146,0.0017070826974167656,0.001705627287849771,99.83494432197162,151.0,5.0238805208462765,130
PA14_56000,PA14_56000,1497,0.01980668136340512,0.01961308125837141,98.30761404103782,1752.0,7.469083884921234,1270
PA14_56010,PA14_56010,96,0.0010966027923803065,0.0010960019627456984,99.89147023910463,97.0,4.584967478670572,73
PA14_56030,PA14_56030,24,0.0002713244022384263,0.00027128760042947,99.97286755977616,24.0,3.2188758248682006,19
PA14_56060,PA14_56060,1230,0.014414108868916399,0.014311213189389198,98.60946243852806,1275.0,7.151485463904735,1048
PA14_56070,PA14_56070,658,0.008037985416313379,0.008005852883910201,99.25611893052965,711.0,6.568077911411976,578
PA14_56080,PA14_56080,447,0.005392572494488723,0.005378084636644981,99.49465830083093,477.0,6.169610732491456,377
PA14_56100,PA14_56100,83,0.0009948561415408965,0.0009943616001409036,99.90616697755921,88.0,4.48863636973214,74
PA14_56160,PA14_56160,498,0.005822169464699565,0.005805286136098839,99.43700186535527,515.0,6.246106765481563,435
PA14_56170,PA14_56170,540,0.006330902718896614,0.006310946736248823,99.38952009496354,560.0,6.329720905522696,454
PA14_56220,PA14_56220,161,0.0019105759990955854,0.001908753170170938,99.81798654683173,169.0,5.135798437050262,142
PA14_56240,PA14_56240,113,0.0014357582951783393,0.001434728579734411,99.87225142727941,127.0,4.852030263919617,94
PA14_56250,PA14_56250,117,0.0014583686620315414,0.0014573062752299907,99.86772935390876,129.0,4.867534450455582,103
PA14_56260,PA14_56260,370,0.004341190435814821,0.0043317946513931555,99.58170821321576,384.0,5.953243334287785,324
PA14_56300,PA14_56300,180,0.0021479848510542084,0.0021456812297666493,99.79650669832118,190.0,5.25227342804663,151
PA14_56540,PA14_56540,616,0.00732575886043751,0.00729905582303365,99.30360070092136,648.0,6.47543271670409,533
PA14_56570,PA14_56570,7,7.913628398620767e-05,7.913315287567465e-05,99.99208637160137,7.0,2.0794415416798357,5
PA14_56590,PA14_56590,612,0.00742750551127692,0.007400057422311501,99.30812277429202,657.0,6.489204931325317,532
PA14_56620,PA14_56620,10,0.00011305183426601097,0.00011304544438898252,99.9886948165734,10.0,2.3978952727983707,8
PA14_56640,PA14_56640,51,0.0005765643547566559,0.0005763982053898687,99.94234356452434,51.0,3.9512437185814275,37
PA14_56660,PA14_56660,27,0.0003391555027980329,0.0003390980025711387,99.96947600474819,30.0,3.4339872044851463,24
PA14_56750,PA14_56750,116,0.0014357582951783393,0.001434728579734411,99.86885987225142,127.0,4.852030263919617,93
PA14_56780,PA14_56780,333,0.004137697134136001,0.004129160405512361,99.62353739189417,366.0,5.905361848054571,290
PA14_56790,PA14_56790,178,0.002193205584760613,0.0021908040201676633,99.79876773500649,194.0,5.272999558563747,153
PA14_56830,PA14_56830,166,0.002091458933921203,0.002089274878396531,99.81233395511843,185.0,5.225746673713202,149
PA14_56950,PA14_56950,56,0.0006670058221694647,0.0006667834726528484,99.93669097281104,59.0,4.0943445622221,49
PA14_57010,PA14_57010,2709,0.041829178678424055,0.04097799388300888,96.93742580973377,3700.0,8.216358332386156,2245
PA14_57020,PA14_57020,214,0.0026228025549714542,0.002619369010712337,99.75806907467074,232.0,5.4510384535657,182
PA14_57110,PA14_57110,5,5.6525917133005484e-05,5.652431960355255e-05,99.9943474082867,5.0,1.791759469228055,4
PA14_57210,PA14_57210,6,7.913628398620767e-05,7.913315287567465e-05,99.99321688994404,7.0,2.0794415416798357,6
PA14_57220,PA14_57220,2052,0.026024532248035723,0.025691657035858826,97.68017636086145,2302.0,7.741967899820685,1760
PA14_57260,PA14_57260,512,0.006206545701204002,0.006187364421844182,99.42117460855803,549.0,6.309918278226516,425
PA14_57275,PA14_57275,1513,0.01999886948165734,0.01980151894424916,98.28952574755525,1769.0,7.478734825567875,1273
PA14_57290,PA14_57290,1191,0.015375049460177492,0.01525805110022183,98.65355265389181,1360.0,7.215975002651466,1022
PA14_57320,PA14_57320,6,6.783110055960658e-05,6.782880013453133e-05,99.99321688994404,6.0,1.9459101490553132,3
PA14_57330,PA14_57330,84,0.0009722457746876943,0.0009717734498835676,99.90503645921656,86.0,4.465908118654584,67
PA14_57360,PA14_57360,89,0.0010626872421005031,0.00106212298972706,99.89938386750326,94.0,4.553876891600541,82
PA14_57370,PA14_57370,827,0.009564185178904528,0.009518737907463423,99.06506133062008,846.0,6.741700694652055,723
PA14_57380,PA14_57380,66,0.0008026680232886778,0.000802346057587069,99.92538578938444,71.0,4.276666119016055,55
PA14_57390,PA14_57390,288,0.0034593861285399357,0.0034534162165388055,99.67441071731389,306.0,5.726847747587197,237
PA14_57410,PA14_57410,155,0.0018427448985359788,0.0018410491270853045,99.82476965688768,163.0,5.099866427824199,124
PA14_57425,PA14_57425,405,0.004714261488892657,0.004703184158844106,99.54214007122265,417.0,6.035481432524756,349
PA14_57440,PA14_57440,86,0.0010287716918206998,0.0010282428688847215,99.90277542253123,91.0,4.5217885770490405,74
PA14_57450,PA14_57450,52,0.0006330902718896614,0.0006328899547848953,99.94121304618167,56.0,4.04305126783455,43
PA14_57460,PA14_57460,153,0.001989712283081793,0.001987735427412076,99.82703069357301,176.0,5.176149732573829,136
PA14_57500,PA14_57500,188,0.0021479848510542084,0.0021456812297666493,99.78746255157989,190.0,5.25227342804663,154
PA14_57510,PA14_57510,1889,0.022327737267537166,0.022082122631811626,97.86445085071506,1975.0,7.588829878307813,1574
PA14_57530,PA14_57530,177,0.0020801537504946017,0.00207799322631128,99.79989825334916,184.0,5.220355825078325,158
PA14_57540,PA14_57540,156,0.0018653552653891809,0.0018636176507662856,99.82363913854503,165.0,5.111987788356544,138
PA14_57560,PA14_57560,1284,0.017907410547736136,0.017748961681247007,98.54841444802443,1584.0,7.368339686311381,1092
PA14_57570,PA14_57570,2774,0.040031654513594486,0.039251149722386615,96.86394211746085,3541.0,8.17244681834278,2257
PA14_57580,PA14_57580,768,0.009530269628624724,0.009485143094499384,99.13176191283704,843.0,6.738152494595957,666
PA14_57590,PA14_57590,308,0.0040585608501497936,0.004050347108542469,99.65180035046069,359.0,5.886104031450156,250
PA14_57650,PA14_57650,453,0.005596065796167543,0.005580465991267003,99.48787519077497,495.0,6.206575926724928,391
PA14_57670,PA14_57670,17,0.00020349330167881974,0.00020347259972533063,99.98078118817479,18.0,2.9444389791664403,16
PA14_57680,PA14_57680,55,0.0006217850884630604,0.0006215918602084255,99.93782149115368,55.0,4.02535169073515,47
PA14_57720,PA14_57720,77,0.0008704991238482844,0.0008701204592215242,99.91295008761517,77.0,4.356708826689592,64
PA14_57780,PA14_57780,12,0.00014696738454581426,0.00014695658589777388,99.98643377988809,13.0,2.639057329615259,11
PA14_57810,PA14_57810,229,0.002701938838957662,0.002698295164061724,99.74111129953084,239.0,5.480638923341991,197
PA14_57820,PA14_57820,108,0.0012774857272059238,0.0012766704365885333,99.87790401899271,113.0,4.736198448394496,97
PA14_57840,PA14_57840,140,0.0016844723305635633,0.0016830551982376168,99.84172743202758,149.0,5.0106352940962555,124
PA14_57890,PA14_57890,851,0.010694703521564637,0.010637919678658653,99.03792889039624,946.0,6.853299093186078,739
PA14_57900,PA14_57900,266,0.0031202306257419026,0.0031153728085465196,99.6992821208524,276.0,5.6240175061873385,234
PA14_57910,PA14_57910,101,0.0011531287095133118,0.0011524643672686569,99.88581764739133,102.0,4.634728988229636,83
PA14_57920,PA14_57920,388,0.004680345938612854,0.004669427175364944,99.56135888304787,414.0,6.028278520230698,300
PA14_57930,PA14_57930,335,0.004216833418122209,0.004207967491435985,99.62127635520886,373.0,5.924255797414532,294
PA14_57940,PA14_57940,141,0.001627946413430558,0.0016266227450474687,99.84059691368492,144.0,4.976733742420574,127
PA14_57950,PA14_57950,565,0.006986603357639478,0.0069623101301962975,99.36125713639704,618.0,6.428105272684596,485
PA14_57960,PA14_57960,1884,0.025707987112090894,0.025383093287446715,97.87010344242836,2274.0,7.729735331385051,1576
PA14_57970,PA14_57970,1696,0.021265050025436664,0.021042103950501673,98.08264089084845,1881.0,7.540090320145325,1440
PA14_57980,PA14_57980,17,0.00019218811825221863,0.00019216965248171653,99.98078118817479,17.0,2.8903717578961645,13
PA14_57990,PA14_57990,144,0.0016505567802837602,0.0016491961084795785,99.83720535865695,146.0,4.990432586778736,122
PA14_58060,PA14_58060,102,0.0012322649934995195,0.0012315063781385646,99.88468712904867,109.0,4.700480365792417,83
PA14_58070,PA14_58070,87,0.0017296930642699678,0.001728198867974196,99.90164490418857,153.0,5.0369526024136295,70
PA14_58080,PA14_58080,389,0.0046012096546266465,0.004590656448776792,99.56022836470521,407.0,6.0112671744041615,343
PA14_58100,PA14_58100,38,0.00042959697021084165,0.0004295047198518054,99.95704030297891,38.0,3.6635616461296463,28
PA14_58110,PA14_58110,124,0.001424453111751738,0.0014234395408266184,99.85981572551015,126.0,4.844187086458591,95
PA14_58130,PA14_58130,23,0.0002713244022384263,0.00027128760042947,99.97399807811883,24.0,3.2188758248682006,20
PA14_58150,PA14_58150,1489,0.01884574077214403,0.018670359829259884,98.3166581877791,1667.0,7.419380582918692,1246
PA14_58190,PA14_58190,124,0.001413147928325137,0.0014121503744749877,99.85981572551015,125.0,4.836281906951478,100
PA14_58270,PA14_58270,638,0.007540557345542932,0.007512269458292211,99.27872929738285,667.0,6.504288173536645,555
PA14_58290,PA14_58290,165,0.0018879656322423831,0.0018861856651205006,99.81346447346108,167.0,5.123963979403259,123
PA14_58300,PA14_58300,10,0.00011305183426601097,0.00011304544438898252,99.9886948165734,10.0,2.3978952727983707,7
PA14_58320,PA14_58320,18,0.00022610366853202194,0.00022607811094992958,99.97965066983213,20.0,3.044522437723423,16
PA14_58350,PA14_58350,58,0.0007913628398620768,0.0007910498773902824,99.93442993612571,70.0,4.2626798770413155,50
PA14_58375,PA14_58375,74,0.0008365835735684811,0.0008362338325754861,99.91634164264315,74.0,4.31748811353631,61
PA14_58380,PA14_58380,656,0.007868407664914364,0.007837613175577506,99.25837996721498,696.0,6.546785410760524,579
PA14_58390,PA14_58390,681,0.008399751285964615,0.008364669689356728,99.23011700864846,743.0,6.612041034833092,586
PA14_58410,PA14_58410,94,0.001175739076366514,0.001175048436467205,99.89373127578996,104.0,4.653960350157523,86
PA14_58420,PA14_58420,4,4.5220733706404386e-05,4.521971127984905e-05,99.99547792662936,4.0,1.6094379124341003,4
PA14_58440,PA14_58440,299,0.003538522412526143,0.0035322765717892457,99.66197501554463,313.0,5.749392985908253,264
PA14_58550,PA14_58550,76,0.0009383302244078911,0.0009378902677977526,99.91408060595784,83.0,4.430816798843313,65
PA14_58570,PA14_58570,15,0.00016957775139901646,0.00016956337471741895,99.9830422248601,15.0,2.772588722239781,13
PA14_58610,PA14_58610,92,0.0010966027923803065,0.0010960019627456984,99.89599231247527,97.0,4.584967478670572,84
PA14_58660,PA14_58660,5,5.6525917133005484e-05,5.652431960355255e-05,99.9943474082867,5.0,1.791759469228055,5
PA14_58690,PA14_58690,732,0.008998926007574473,0.00895867695819429,99.1724605731728,796.0,6.680854678790215,635
PA14_58720,PA14_58720,87,0.0009835509581142955,0.0009830675887903021,99.90164490418857,87.0,4.477336814478207,74
PA14_58730,PA14_58730,144,0.0016844723305635633,0.0016830551982376168,99.83720535865695,149.0,5.0106352940962555,127
PA14_58760,PA14_58760,397,0.0051551636425301,0.005141921277979157,99.55118421796394,456.0,6.124683390894205,335
PA14_58840,PA14_58840,6,6.783110055960658e-05,6.782880013453133e-05,99.99321688994404,6.0,1.9459101490553132,5
PA14_58870,PA14_58870,42,0.0004974280707704483,0.0004973043944393392,99.95251822960827,44.0,3.8066624897703196,38
PA14_58900,PA14_58900,5,5.6525917133005484e-05,5.652431960355255e-05,99.9943474082867,5.0,1.791759469228055,3
PA14_58990,PA14_58990,172,0.002091458933921203,0.002089274878396531,99.80555084506247,185.0,5.225746673713202,144
PA14_59070,PA14_59070,2278,0.026148889265728337,0.025812852463634225,97.42467921542027,2313.0,7.746732907753622,1909
PA14_59090,PA14_59090,11,0.00012435701769261207,0.00012434928599967425,99.98756429823074,11.0,2.4849066497880004,8
PA14_59160,PA14_59160,256,0.0029167373240630828,0.002912491898944155,99.710587304279,258.0,5.556828061699537,228
PA14_59170,PA14_59170,79,0.0009270250409812899,0.000926595618637672,99.91068905092985,82.0,4.418840607796598,66
PA14_59240,PA14_59240,103,0.0012322649934995195,0.0012315063781385646,99.88355661070601,109.0,4.700480365792417,89
PA14_59250,PA14_59250,9,0.00010174665083940987,0.00010174147500001126,99.98982533491606,9.0,2.302585092994046,6
PA14_59270,PA14_59270,36,0.00041829178678424057,0.00041820432716303916,99.95930133966424,37.0,3.6375861597263857,26
PA14_59320,PA14_59320,53,0.0006104799050364592,0.0006102936379835724,99.94008252783901,54.0,4.007333185232471,48
PA14_59360,PA14_59360,4,4.5220733706404386e-05,4.521971127984905e-05,99.99547792662936,4.0,1.6094379124341003,3
PA14_59370,PA14_59370,327,0.003956814199310384,0.003949006598712976,99.63032050195014,350.0,5.860786223465865,281
PA14_59430,PA14_59430,21,0.00024871403538522413,0.00024868311117694214,99.97625911480414,22.0,3.1354942159291497,17
PA14_59480,PA14_59480,17,0.00019218811825221863,0.00019216965248171653,99.98078118817479,17.0,2.8903717578961645,15
PA14_59550,PA14_59550,22,0.00024871403538522413,0.00024868311117694214,99.97512859646149,22.0,3.1354942159291497,18
PA14_59630,PA14_59630,67,0.0008818043072748856,0.0008814157462631264,99.92425527104177,78.0,4.3694478524670215,58
PA14_59640,PA14_59640,89,0.0010626872421005031,0.00106212298972706,99.89938386750326,94.0,4.553876891600541,78
PA14_59650,PA14_59650,5,5.6525917133005484e-05,5.652431960355255e-05,99.9943474082867,5.0,1.791759469228055,4
PA14_59735,PA14_59735,76,0.0009044146741280877,0.0009040059376030076,99.91408060595784,80.0,4.394449154672439,68
PA14_59750,PA14_59750,12,0.00013566220111921315,0.00013565299983497514,99.98643377988809,12.0,2.5649493574615367,9
PA14_59770,PA14_59770,28,0.0003278503193714318,0.0003277965881990097,99.96834548640552,29.0,3.4011973816621555,25
PA14_59780,PA14_59780,456,0.005754338364139958,0.005737845399620436,99.48448363574698,509.0,6.234410725718371,391
PA14_59790,PA14_59790,332,0.0040585608501497936,0.004050347108542469,99.62466791023684,359.0,5.886104031450156,283
PA14_59800,PA14_59800,358,0.004239443784975411,0.00423048266103245,99.59527443332769,375.0,5.929589143389895,315
PA14_59830,PA14_59830,132,0.0015940308631507546,0.0015927617444516657,99.85077157876887,141.0,4.955827057601261,116
PA14_59840,PA14_59840,631,0.008275394268272002,0.008241340933979957,99.28664292578146,732.0,6.597145701886651,515
PA14_59845,PA14_59845,121,0.0014470634786049404,0.0014460174912012426,99.86320728053812,128.0,4.859812404361672,100
PA14_59960,PA14_59960,233,0.0028602114069300774,0.0028561287852053793,99.7365892261602,253.0,5.537334267018537,196
PA14_60070,PA14_60070,34,0.00038437623650443726,0.00038430238288328784,99.96156237634956,34.0,3.5553480614894135,25
PA14_60080,PA14_60080,155,0.00175230343112317,0.0017507699386338908,99.82476965688768,155.0,5.049856007249537,136
PA14_60110,PA14_60110,750,0.009654626646317336,0.009608318558102801,99.15211124300491,854.0,6.75110146893676,625
PA14_60120,PA14_60120,9,0.00010174665083940987,0.00010174147500001126,99.98982533491606,9.0,2.302585092994046,8
PA14_60130,PA14_60130,3,3.391555027980329e-05,3.3914975160531515e-05,99.99660844497203,3.0,1.3862943611198906,3
PA14_60160,PA14_60160,57,0.0006557006387428636,0.0006554857610042226,99.93556045446837,58.0,4.07753744390572,51
PA14_60190,PA14_60190,1848,0.026341077383980557,0.026000125602053135,97.91080210276412,2330.0,7.754052639035757,1545
PA14_60200,PA14_60200,106,0.0012774857272059238,0.0012766704365885333,99.88016505567802,113.0,4.736198448394496,86
PA14_60210,PA14_60210,368,0.004239443784975411,0.00423048266103245,99.58396924990109,375.0,5.929589143389895,317
PA14_60230,PA14_60230,612,0.007608388446102538,0.007579590636438254,99.30812277429202,673.0,6.513230110912307,519
PA14_60240,PA14_60240,341,0.003990729749590187,0.003982787909768869,99.6144932451529,353.0,5.869296913133774,283
PA14_60280,PA14_60280,68,0.0008252783901418801,0.0008249380351767882,99.92312475269911,73.0,4.304065093204169,51
PA14_60300,PA14_60300,132,0.001639251596857159,0.0016379094904581156,99.85077157876887,145.0,4.983606621708336,106
PA14_60310,PA14_60310,807,0.010378158385619807,0.01032467502083423,99.08767169747328,918.0,6.823286122355687,679
PA14_60330,PA14_60330,383,0.00453337855406704,0.004523133744241746,99.56701147476117,401.0,5.996452088619021,337
PA14_60360,PA14_60360,12,0.00013566220111921315,0.00013565299983497514,99.98643377988809,12.0,2.5649493574615367,9
PA14_60370,PA14_60370,587,0.007472726244983325,0.00744494374770001,99.33638573285852,661.0,6.495265555937008,509
PA14_60380,PA14_60380,68,0.0008478887569950823,0.0008475295023805865,99.92312475269911,75.0,4.330733340286331,59
PA14_60390,PA14_60390,10,0.00011305183426601097,0.00011304544438898252,99.9886948165734,10.0,2.3978952727983707,6
PA14_60410,PA14_60410,100,0.0011305183426601098,0.0011298797880184084,99.886948165734,100.0,4.61512051684126,88
PA14_60420,PA14_60420,640,0.007687524730088746,0.00765812628324772,99.27646826069753,680.0,6.523562306149512,551
PA14_60450,PA14_60450,26,0.0003278503193714318,0.0003277965881990097,99.97060652309084,29.0,3.4011973816621555,20
PA14_60460,PA14_60460,12,0.00019218811825221863,0.00019216965248171653,99.98643377988809,17.0,2.8903717578961645,11
PA14_60470,PA14_60470,12454,0.14996325815386355,0.13972999243334175,85.920524560511,13265.0,9.492959650085501,9076
PA14_60540,PA14_60540,5,5.6525917133005484e-05,5.652431960355255e-05,99.9943474082867,5.0,1.791759469228055,4
PA14_60560,PA14_60560,204,0.002441919620145837,0.0024389429792572607,99.76937425809734,216.0,5.37989735354046,170
PA14_60570,PA14_60570,56,0.0006670058221694647,0.0006667834726528484,99.93669097281104,59.0,4.0943445622221,47
PA14_60580,PA14_60580,83,0.0010287716918206998,0.0010282428688847215,99.90616697755921,91.0,4.5217885770490405,67
PA14_60650,PA14_60650,114,0.0013679271946187327,0.0013669924345725319,99.87112090893675,121.0,4.804021044733257,93
PA14_60690,PA14_60690,93,0.0010626872421005031,0.00106212298972706,99.89486179413261,94.0,4.553876891600541,81
PA14_60700,PA14_60700,1426,0.018732688937878016,0.018559392974945365,98.38788084336669,1657.0,7.4133673356952405,1176
PA14_60710,PA14_60710,208,0.002441919620145837,0.0024389429792572607,99.76485218472669,216.0,5.37989735354046,185
PA14_60800,PA14_60800,605,0.007348369227290713,0.007321501504485482,99.31603640269063,650.0,6.478509642208569,485
PA14_60870,PA14_60870,945,0.011666949296252331,0.011599415213578766,98.93166016618619,1032.0,6.940222469119639,799
PA14_60920,PA14_60920,24,0.0002939347690916285,0.0002938915787306133,99.97286755977616,26.0,3.295836866004329,20
PA14_60970,PA14_60970,35,0.0004409021536374428,0.0004408049848431397,99.9604318580069,39.0,3.6888794541139363,25
PA14_61000,PA14_61000,60,0.0007800576564354757,0.0007797535695883674,99.9321688994404,69.0,4.248495242049359,50
PA14_61050,PA14_61050,189,0.0022271211350404162,0.002224644776850212,99.78633203323723,197.0,5.288267030694535,166
PA14_61080,PA14_61080,949,0.011587813012266125,0.011521188501351712,98.92713809281555,1025.0,6.933423025730715,835
PA14_61090,PA14_61090,443,0.005030806624837488,0.005018194399281746,99.49918037420157,445.0,6.100318952020064,399
PA14_61120,PA14_61120,106,0.0012322649934995195,0.0012315063781385646,99.88016505567802,109.0,4.700480365792417,92
PA14_61140,PA14_61140,174,0.0020462382002147984,0.0020441475063813813,99.80328980837714,181.0,5.204006687076795,156
PA14_61150,PA14_61150,3223,0.045017240404725566,0.0440333832756366,96.35633938160647,3982.0,8.289790583181643,2638
PA14_61250,PA14_61250,818,0.010276411734780397,0.010223968395931649,99.07523599570402,909.0,6.813444599510896,690
PA14_61260,PA14_61260,3,3.391555027980329e-05,3.3914975160531515e-05,99.99660844497203,3.0,1.3862943611198906,3
PA14_61300,PA14_61300,28,0.0003165451359448307,0.0003164950461034705,99.96834548640552,28.0,3.367295829986474,19
PA14_61360,PA14_61360,1094,0.013012266124017862,0.012928333904014233,98.76321293312984,1151.0,7.049254841255837,923
PA14_61400,PA14_61400,86,0.0011192131592335085,0.0011185873071166968,99.90277542253123,99.0,4.605170185988092,73
PA14_61470,PA14_61470,652,0.007585778079249336,0.0075571507472903645,99.26290204058562,671.0,6.51025834052315,567
PA14_61550,PA14_61550,5,5.6525917133005484e-05,5.652431960355255e-05,99.9943474082867,5.0,1.791759469228055,4
PA14_61600,PA14_61600,8,9.044146741280877e-05,9.043737782987161e-05,99.99095585325873,8.0,2.1972245773362196,5
PA14_61660,PA14_61660,448,0.005268215476796111,0.005254386976059822,99.49352778248827,466.0,6.1463292576688975,386
PA14_61670,PA14_61670,150,0.0018201345316827765,0.0018184800940545666,99.83042224860098,161.0,5.087596335232384,129
PA14_61700,PA14_61700,96,0.0011192131592335085,0.0011185873071166968,99.89147023910463,99.0,4.605170185988092,84
PA14_61720,PA14_61720,368,0.0044090215363744275,0.0043993302764610345,99.58396924990109,390.0,5.968707559985366,321
PA14_61750,PA14_61750,419,0.0051890791928099035,0.005175662315519263,99.52631281442541,459.0,6.131226489483141,353
PA14_61760,PA14_61760,55,0.0006783110055960658,0.0006780810566646277,99.93782149115368,60.0,4.110873864173311,48
PA14_61770,PA14_61770,207,0.0025549714544118476,0.002551713063728793,99.76598270306935,226.0,5.424950017481403,184
PA14_61780,PA14_61780,536,0.0065683115708552375,0.006546834207786473,99.39404216833418,581.0,6.366470447731438,467
PA14_61790,PA14_61790,546,0.0065683115708552375,0.006546834207786473,99.38273698490758,581.0,6.366470447731438,448
PA14_61820,PA14_61820,422,0.0051890791928099035,0.005175662315519263,99.52292125939744,459.0,6.131226489483141,367
PA14_61860,PA14_61860,11,0.00012435701769261207,0.00012434928599967425,99.98756429823074,11.0,2.4849066497880004,8
PA14_61870,PA14_61870,20,0.00028262958566502744,0.00028258965344752106,99.9773896331468,25.0,3.258096538021482,11
PA14_61940,PA14_61940,11,0.00012435701769261207,0.00012434928599967425,99.98756429823074,11.0,2.4849066497880004,8
PA14_61950,PA14_61950,278,0.0034706913119665365,0.003464682362334117,99.68571590074049,307.0,5.730099782973575,244
PA14_61990,PA14_61990,21,0.00024871403538522413,0.00024868311117694214,99.97625911480414,22.0,3.1354942159291497,18
PA14_62020,PA14_62020,23,0.00028262958566502744,0.00028258965344752106,99.97399807811883,25.0,3.258096538021482,20
PA14_62060,PA14_62060,9971,0.24386411169521224,0.21822275337871933,88.72760160533605,21571.0,9.979151456457117,7539
PA14_62130,PA14_62130,3974,0.048329659148719686,0.04719809669155748,95.50732010626872,4275.0,8.360773272144936,3205
PA14_62150,PA14_62150,628,0.007495336611836527,0.007467386154873545,99.29003448080945,663.0,6.498282149476434,533
PA14_62160,PA14_62160,8,9.044146741280877e-05,9.043737782987161e-05,99.99095585325873,8.0,2.1972245773362196,5
PA14_62200,PA14_62200,4,4.5220733706404386e-05,4.521971127984905e-05,99.99547792662936,4.0,1.6094379124341003,4
PA14_62230,PA14_62230,139,0.0017070826974167656,0.001705627287849771,99.84285795037025,151.0,5.0238805208462765,123
PA14_62260,PA14_62260,6,6.783110055960658e-05,6.782880013453133e-05,99.99321688994404,6.0,1.9459101490553132,3
PA14_62390,PA14_62390,513,0.005969136849245379,0.005951392130638137,99.42004409021537,528.0,6.270988431858299,447
PA14_62400,PA14_62400,214,0.0024871403538522414,0.0024840525391083804,99.75806907467074,220.0,5.3981627015177525,182
PA14_62450,PA14_62450,7,7.913628398620767e-05,7.913315287567465e-05,99.99208637160137,7.0,2.0794415416798357,4
PA14_62480,PA14_62480,18,0.00024871403538522413,0.00024868311117694214,99.97965066983213,22.0,3.1354942159291497,15
PA14_62490,PA14_62490,194,0.0022723418687468203,0.0022697640044166906,99.78067944152393,201.0,5.308267697401205,167
PA14_62510,PA14_62510,25,0.0002939347690916285,0.0002938915787306133,99.9717370414335,26.0,3.295836866004329,23
PA14_62540,PA14_62540,273,0.0031202306257419026,0.0031153728085465196,99.69136849245379,276.0,5.6240175061873385,232
PA14_62560,PA14_62560,238,0.0028376010400768753,0.0028335826501756215,99.73093663444689,251.0,5.529429087511423,214
PA14_62580,PA14_62580,62,0.000700921372449268,0.0007006758417891824,99.92990786275507,62.0,4.143134726391533,52
PA14_62620,PA14_62620,3417,0.04102651065513538,0.040207255836072896,96.1370188231304,3629.0,8.196987927258897,2815
PA14_62650,PA14_62650,153,0.0018766604488157821,0.0018749017216078024,99.82703069357301,166.0,5.117993812416755,134
PA14_62710,PA14_62710,489,0.0058786953818325705,0.005861483275679225,99.44717653043921,520.0,6.255750041753367,435
PA14_62720,PA14_62720,212,0.00247583517042564,0.0024727753399134524,99.76033011135605,219.0,5.393627546352361,175
PA14_62730,PA14_62730,198,0.0025323610875586456,0.002529160064178897,99.77615736815329,224.0,5.41610040220442,164
PA14_62760,PA14_62760,3198,0.04856706800067831,0.0474245349800046,96.38460234017296,4296.0,8.365672383774996,2648
PA14_62770,PA14_62770,389,0.004714261488892657,0.004703184158844106,99.56022836470521,417.0,6.035481432524756,326
PA14_62780,PA14_62780,2586,0.03495562715505059,0.034358553484327696,97.07647956588096,3092.0,8.03689677268507,2111
PA14_62800,PA14_62800,11,0.00013566220111921315,0.00013565299983497514,99.98756429823074,12.0,2.5649493574615367,9
PA14_62810,PA14_62810,212,0.002588887004691651,0.0025855416093864604,99.76033011135605,229.0,5.438079308923196,175
PA14_62830,PA14_62830,453,0.0056865072635803515,0.005670400114582335,99.48787519077497,503.0,6.222576268071369,389
PA14_62840,PA14_62840,1199,0.015408965010457295,0.015291452535373267,98.64450850715053,1363.0,7.218176838403408,1038
PA14_62850,PA14_62850,125,0.001537504946017749,0.0015363241954065646,99.85868520716748,136.0,4.919980925828125,105
PA14_62860,PA14_62860,467,0.005731727997286756,0.005715364143366889,99.47204793397772,507.0,6.230481447578482,393
PA14_62870,PA14_62870,75,0.0008818043072748856,0.0008814157462631264,99.9152111243005,78.0,4.3694478524670215,62
PA14_62880,PA14_62880,43,0.000587869538183257,0.0005876968105771786,99.95138771126561,52.0,3.970291913552122,39
PA14_62910,PA14_62910,624,0.007551862528969533,0.007523489969386609,99.29455655418009,668.0,6.505784060128229,534
PA14_62930,PA14_62930,554,0.006602227121135041,0.006580527876187807,99.37369283816629,584.0,6.371611847231857,469
PA14_62940,PA14_62940,140,0.001627946413430558,0.0016266227450474687,99.84172743202758,144.0,4.976733742420574,122
PA14_62960,PA14_62960,207,0.0023740885195862303,0.0023712748238653553,99.76598270306935,210.0,5.351858133476067,176
PA14_62970,PA14_62970,3530,0.05476230851845571,0.0533154415616696,96.00927025040981,4844.0,8.485702524324866,2855
PA14_62990,PA14_62990,361,0.004420326719801029,0.004410585770549206,99.5918828782997,391.0,5.971261839790462,309
PA14_63080,PA14_63080,234,0.0027923803063704708,0.002788488855074185,99.73545870781754,247.0,5.5134287461649825,201
PA14_63090,PA14_63090,31,0.0003617658696512351,0.00036170044815671314,99.96495393137754,32.0,3.4965075614664802,24
PA14_63120,PA14_63120,536,0.006579616754281838,0.006558065556727755,99.39404216833418,582.0,6.368187186350492,464
PA14_63130,PA14_63130,172,0.001967101916228591,0.0019651697047438498,99.80555084506247,174.0,5.1647859739235145,151
PA14_63160,PA14_63160,376,0.004420326719801029,0.004410585770549206,99.5749251031598,391.0,5.971261839790462,324
PA14_63190,PA14_63190,7,7.913628398620767e-05,7.913315287567465e-05,99.99208637160137,7.0,2.0794415416798357,5
PA14_63270,PA14_63270,202,0.0023966988864394323,0.0023938313844419547,99.77163529478266,212.0,5.3612921657094255,175
PA14_63390,PA14_63390,64,0.000813973206715279,0.0008136421101816101,99.92764682606975,72.0,4.290459441148391,52
PA14_63480,PA14_63480,36,0.0004069866033576395,0.000406903806773955,99.95930133966424,36.0,3.6109179126442243,28
PA14_63540,PA14_63540,68,0.0007800576564354757,0.0007797535695883674,99.92312475269911,69.0,4.248495242049359,54
PA14_63550,PA14_63550,122,0.001401842744898536,0.0014008610806766414,99.86207676219546,124.0,4.8283137373023015,113
PA14_63580,PA14_63580,13,0.00014696738454581426,0.00014695658589777388,99.98530326154543,13.0,2.639057329615259,13
PA14_63605,PA14_63605,444,0.005754338364139958,0.005737845399620436,99.49804985585892,509.0,6.234410725718371,381
PA14_63730,PA14_63730,6,6.783110055960658e-05,6.782880013453133e-05,99.99321688994404,6.0,1.9459101490553132,5
PA14_63990,PA14_63990,51,0.0005765643547566559,0.0005763982053898687,99.94234356452434,51.0,3.9512437185814275,40
PA14_64010,PA14_64010,528,0.006093493866937991,0.006075003608683126,99.40308631507546,539.0,6.29156913955832,460
PA14_64030,PA14_64030,437,0.0051438584591034986,0.005130674012470465,99.50596348425753,455.0,6.1224928095143865,381
PA14_64050,PA14_64050,94,0.0010966027923803065,0.0010960019627456984,99.89373127578996,97.0,4.584967478670572,83
PA14_64080,PA14_64080,133,0.0016618619637103612,0.0016604825991147327,99.84964106042621,147.0,4.997212273764115,112
PA14_64090,PA14_64090,72,0.000813973206715279,0.0008136421101816101,99.91860267932847,72.0,4.290459441148391,68
PA14_64110,PA14_64110,1310,0.016539483353117404,0.01640419578456444,98.51902097111525,1463.0,7.288927694521257,1126
PA14_64140,PA14_64140,113,0.0013114012774857271,0.0013105421418627735,99.87225142727941,116.0,4.762173934797756,99
PA14_64170,PA14_64170,8,9.044146741280877e-05,9.043737782987161e-05,99.99095585325873,8.0,2.1972245773362196,8
PA14_64180,PA14_64180,383,0.004725566672319258,0.00471443623344548,99.56701147476117,418.0,6.037870919922137,333
PA14_64190,PA14_64190,7,9.044146741280877e-05,9.043737782987161e-05,99.99208637160137,8.0,2.1972245773362196,7
PA14_64200,PA14_64200,14,0.00015827256797241535,0.000158260044190959,99.98417274320276,14.0,2.70805020110221,10
PA14_64220,PA14_64220,36,0.0004069866033576395,0.000406903806773955,99.95930133966424,36.0,3.6109179126442243,34
PA14_64335,PA14_64335,22,0.0002600192188118252,0.00025998541967357287,99.97512859646149,23.0,3.1780538303479458,19
PA14_64370,PA14_64370,12,0.00014696738454581426,0.00014695658589777388,99.98643377988809,13.0,2.639057329615259,8
PA14_64390,PA14_64390,10,0.00011305183426601097,0.00011304544438898252,99.9886948165734,10.0,2.3978952727983707,6
PA14_64480,PA14_64480,61,0.000712226555875869,0.0007119730429077254,99.93103838109774,63.0,4.1588830833596715,48
PA14_64510,PA14_64510,15,0.00016957775139901646,0.00016956337471741895,99.9830422248601,15.0,2.772588722239781,12
PA14_64520,PA14_64520,11,0.00013566220111921315,0.00013565299983497514,99.98756429823074,12.0,2.5649493574615367,10
PA14_64580,PA14_64580,13,0.00014696738454581426,0.00014695658589777388,99.98530326154543,13.0,2.639057329615259,8
PA14_64620,PA14_64620,242,0.0029167373240630828,0.002912491898944155,99.72641456107625,258.0,5.556828061699537,215
PA14_64750,PA14_64750,4,4.5220733706404386e-05,4.521971127984905e-05,99.99547792662936,4.0,1.6094379124341003,3
PA14_64840,PA14_64840,71,0.0008478887569950823,0.0008475295023805865,99.91973319767114,75.0,4.330733340286331,56
PA14_64920,PA14_64920,5,5.6525917133005484e-05,5.652431960355255e-05,99.9943474082867,5.0,1.791759469228055,5
PA14_65000,PA14_65000,815,0.010785144988977447,0.010727400132831664,99.07862755073201,954.0,6.86171134048073,693
PA14_65050,PA14_65050,48,0.0005426488044768526,0.0005425016238568704,99.94573511955231,48.0,3.8918202981106265,43
PA14_65130,PA14_65130,707,0.00876151715561585,0.008723357791482915,99.2007235317393,775.0,6.654152520183219,594
PA14_65150,PA14_65150,168,0.002102764117347804,0.002100556403207544,99.81007291843311,186.0,5.231108616854587,140
PA14_65160,PA14_65160,308,0.0037759312644847663,0.0037688203306713813,99.65180035046069,334.0,5.814130531825066,262
PA14_65170,PA14_65170,4970,0.08308179300209145,0.07981048963802286,94.38132383697926,7349.0,8.902455592206882,3983
PA14_65180,PA14_65180,710,0.008806737889322255,0.008768184759394313,99.19733197671133,779.0,6.659293919683638,600
PA14_65190,PA14_65190,16,0.00022610366853202194,0.00022607811094992958,99.98191170651744,20.0,3.044522437723423,14
PA14_65200,PA14_65200,1017,0.013769713413600136,0.013675772289092331,98.85026284551466,1218.0,7.105786129481271,850
PA14_65230,PA14_65230,953,0.011361709343734101,0.011297649884124902,98.92261601944492,1005.0,6.913737350659685,817
PA14_65250,PA14_65250,17,0.0002600192188118252,0.00025998541967357287,99.98078118817479,23.0,3.1780538303479458,17
PA14_65260,PA14_65260,274,0.0032106720931547113,0.0032055288913257923,99.69023797411113,284.0,5.652489180268651,236
PA14_65270,PA14_65270,488,0.006138714600644395,0.006119949448953176,99.44830704878187,543.0,6.298949246855942,413
PA14_65280,PA14_65280,1962,0.027256797241535242,0.026891945689677926,97.78192301170087,2411.0,7.788211557847076,1607
PA14_65300,PA14_65300,800,0.009609405912610933,0.009563529235869735,99.09558532587191,850.0,6.7464121285733745,688
PA14_65310,PA14_65310,117,0.0014357582951783393,0.001434728579734411,99.86772935390876,127.0,4.852030263919617,101
PA14_65320,PA14_65320,648,0.007924933582047369,0.007893696223369353,99.26742411395625,701.0,6.553933404025811,557
PA14_65350,PA14_65350,4843,0.05608501497936804,0.05456868865283662,94.52489966649709,4961.0,8.509564164251746,3852
PA14_65370,PA14_65370,1298,0.015702899779548925,0.015580884915971325,98.53258719122718,1389.0,7.237059026124737,1110
PA14_65390,PA14_65390,43,0.0004974280707704483,0.0004973043944393392,99.95138771126561,44.0,3.8066624897703196,35
PA14_65400,PA14_65400,36,0.00042959697021084165,0.0004295047198518054,99.95930133966424,38.0,3.6635616461296463,36
PA14_65420,PA14_65420,13,0.00014696738454581426,0.00014695658589777388,99.98530326154543,13.0,2.639057329615259,11
PA14_65470,PA14_65470,33,0.00038437623650443726,0.00038430238288328784,99.96269289469222,34.0,3.5553480614894135,28
PA14_65520,PA14_65520,364,0.004295969702108417,0.0042867683672922095,99.58849132327173,380.0,5.942799375126701,315
PA14_65540,PA14_65540,208,0.0025549714544118476,0.002551713063728793,99.76485218472669,226.0,5.424950017481403,178
PA14_65560,PA14_65560,3,3.391555027980329e-05,3.3914975160531515e-05,99.99660844497203,3.0,1.3862943611198906,3
PA14_65570,PA14_65570,64,0.0007687524730088745,0.0007684571341784408,99.92764682606975,68.0,4.23410650459726,49
PA14_65605,PA14_65605,4,4.5220733706404386e-05,4.521971127984905e-05,99.99547792662936,4.0,1.6094379124341003,3
PA14_65690,PA14_65690,8,9.044146741280877e-05,9.043737782987161e-05,99.99095585325873,8.0,2.1972245773362196,7
PA14_65700,PA14_65700,6,6.783110055960658e-05,6.782880013453133e-05,99.99321688994404,6.0,1.9459101490553132,3
PA14_65710,PA14_65710,292,0.003414165394833531,0.003408350364054246,99.66988864394325,302.0,5.713732805509369,251
PA14_65740,PA14_65740,6,6.783110055960658e-05,6.782880013453133e-05,99.99321688994404,6.0,1.9459101490553132,3
PA14_65950,PA14_65950,46,0.0005765643547566559,0.0005763982053898687,99.94799615623764,51.0,3.9512437185814275,45
PA14_65970,PA14_65970,72,0.000813973206715279,0.0008136421101816101,99.91860267932847,72.0,4.290459441148391,50
PA14_66050,PA14_66050,3,3.391555027980329e-05,3.3914975160531515e-05,99.99660844497203,3.0,1.3862943611198906,3
PA14_66060,PA14_66060,488,0.005629981346447346,0.005614192235347027,99.44830704878187,498.0,6.212606095751519,420
PA14_66080,PA14_66080,54,0.0006330902718896614,0.0006328899547848953,99.93895200949635,56.0,4.04305126783455,49
PA14_66090,PA14_66090,136,0.001639251596857159,0.0016379094904581156,99.84624950539822,145.0,4.983606621708336,118
PA14_66110,PA14_66110,14,0.00019218811825221863,0.00019216965248171653,99.98417274320276,17.0,2.8903717578961645,9
PA14_66120,PA14_66120,234,0.002848906223503476,0.002844855781231526,99.73545870781754,252.0,5.53338948872752,201
PA14_66140,PA14_66140,97,0.001300096094059126,0.0012992517009144825,99.89033972076197,115.0,4.7535901911063645,85
PA14_66150,PA14_66150,13,0.00014696738454581426,0.00014695658589777388,99.98530326154543,13.0,2.639057329615259,12
PA14_66160,PA14_66160,477,0.0061274094172177945,0.006108713178271297,99.46074275055112,542.0,6.297109319933935,429
PA14_66170,PA14_66170,926,0.010977333107229665,0.01091751951719385,98.95314001469674,971.0,6.879355804460439,787
PA14_66190,PA14_66190,357,0.004375105986094624,0.004365563034059676,99.59640495167034,387.0,5.961005339623274,297
PA14_66200,PA14_66200,47,0.0005426488044768526,0.0005425016238568704,99.94686563789497,48.0,3.8918202981106265,43
PA14_66210,PA14_66210,114,0.001424453111751738,0.0014234395408266184,99.87112090893675,126.0,4.844187086458591,95
PA14_66220,PA14_66220,66,0.0008818043072748856,0.0008814157462631264,99.92538578938444,78.0,4.3694478524670215,59
PA14_66230,PA14_66230,787,0.009745068113730146,0.009697891184768001,99.1102820643265,862.0,6.760414691083428,684
PA14_66240,PA14_66240,4,4.5220733706404386e-05,4.521971127984905e-05,99.99547792662936,4.0,1.6094379124341003,4
PA14_66250,PA14_66250,438,0.00525691029336951,0.005243140975418682,99.50483296591487,465.0,6.144185634125646,377
PA14_66260,PA14_66260,3828,0.04578599287773444,0.04476874899098868,95.6723757842971,4050.0,8.30671904320269,3120
PA14_66270,PA14_66270,293,0.0036063535130857497,0.003599866212576036,99.66875812560059,319.0,5.768320995793772,251
PA14_66290,PA14_66290,634,0.007811881747781357,0.007781526982300998,99.28325137075349,691.0,6.539585955617669,533
PA14_66310,PA14_66310,438,0.00525691029336951,0.005243140975418682,99.50483296591487,465.0,6.144185634125646,379
PA14_66320,PA14_66320,751,0.008671075688203042,0.008633697826838538,99.15098072466226,767.0,6.643789733147672,630
PA14_66400,PA14_66400,4,4.5220733706404386e-05,4.521971127984905e-05,99.99547792662936,4.0,1.6094379124341003,3
PA14_66410,PA14_66410,6,9.044146741280877e-05,9.043737782987161e-05,99.99321688994404,8.0,2.1972245773362196,4
PA14_66420,PA14_66420,11,0.00012435701769261207,0.00012434928599967425,99.98756429823074,11.0,2.4849066497880004,10
PA14_66440,PA14_66440,226,0.002826295856650274,0.0028223093920348007,99.74450285455882,250.0,5.5254529391317835,191
PA14_66460,PA14_66460,130,0.0015601153128709513,0.0015588995972496762,99.85303261545418,138.0,4.9344739331306915,116
PA14_66480,PA14_66480,180,0.002136679667627607,0.002134400214023872,99.79650669832118,189.0,5.247024072160486,156
PA14_66560,PA14_66560,11,0.00013566220111921315,0.00013565299983497514,99.98756429823074,12.0,2.5649493574615367,10
PA14_66570,PA14_66570,1320,0.016957775139901644,0.01681559716800562,98.50771578768865,1500.0,7.313886831633462,1101
PA14_66580,PA14_66580,623,0.007619693629529139,0.007590810392184289,99.29568707252275,674.0,6.51471269087253,547
PA14_66600,PA14_66600,646,0.007484031428409926,0.007456165014244482,99.26968515064158,662.0,6.4967749901858625,559
PA14_66610,PA14_66610,53,0.0006896161890226669,0.0006893785130424444,99.94008252783901,61.0,4.127134385045092,45
PA14_66620,PA14_66620,262,0.0033350291108473237,0.0033294802349480295,99.70380419422305,295.0,5.69035945432406,226
PA14_66630,PA14_66630,307,0.0037533208976315642,0.003746294764152431,99.65293086880335,332.0,5.808142489980444,268
PA14_66640,PA14_66640,99,0.0012548753603527218,0.0012540886623375708,99.88807868407665,111.0,4.718498871295094,81
PA14_66650,PA14_66650,69,0.0007800576564354757,0.0007797535695883674,99.92199423435645,69.0,4.248495242049359,60
PA14_66660,PA14_66660,686,0.008648465321349838,0.008611281579541557,99.22446441693516,765.0,6.641182169740591,592
PA14_66670,PA14_66670,165,0.0018992708156689842,0.0018974694813072546,99.81346447346108,168.0,5.1298987149230735,137
PA14_66680,PA14_66680,558,0.006828330789667062,0.006805123324582195,99.36917076479565,604.0,6.405228458030842,460
PA14_66710,PA14_66710,17,0.00020349330167881974,0.00020347259972533063,99.98078118817479,18.0,2.9444389791664403,16
PA14_66750,PA14_66750,655,0.008015375049460177,0.007983422558108778,99.25951048555763,709.0,6.565264970035361,562
PA14_66760,PA14_66760,109,0.0013340116443389294,0.0013331226413443816,99.87677350065005,118.0,4.77912349311153,87
PA14_66790,PA14_66790,132,0.001537504946017749,0.0015363241954065646,99.85077157876887,136.0,4.919980925828125,114
PA14_66875,PA14_66875,318,0.003945509015883783,0.003937745908094701,99.64049516703409,349.0,5.857933154483459,273
PA14_66880,PA14_66880,576,0.00690746707365327,0.0068837198158507255,99.34882143462778,611.0,6.416732282512326,520
PA14_66900,PA14_66900,213,0.0025210559041320448,0.0025178833736619107,99.75919959301339,223.0,5.4116460518550396,182
PA14_66910,PA14_66910,7,7.913628398620767e-05,7.913315287567465e-05,99.99208637160137,7.0,2.0794415416798357,4
PA14_66920,PA14_66920,5,5.6525917133005484e-05,5.652431960355255e-05,99.9943474082867,5.0,1.791759469228055,5
PA14_66940,PA14_66940,4,4.5220733706404386e-05,4.521971127984905e-05,99.99547792662936,4.0,1.6094379124341003,3
PA14_66960,PA14_66960,184,0.002238426318467017,0.002235924774594332,99.79198462495053,198.0,5.293304824724492,160
PA14_66980,PA14_66980,47,0.0005652591713300549,0.0005650994725426374,99.94686563789497,50.0,3.9318256327243257,35
PA14_66990,PA14_66990,7,7.913628398620767e-05,7.913315287567465e-05,99.99208637160137,7.0,2.0794415416798357,6
PA14_67030,PA14_67030,46,0.0005426488044768526,0.0005425016238568704,99.94799615623764,48.0,3.8918202981106265,37
PA14_67050,PA14_67050,568,0.006749194505680855,0.006726520655419661,99.35786558136905,597.0,6.393590753950631,498
PA14_67065,PA14_67065,545,0.006489175286869029,0.006468211232989562,99.38386750325024,574.0,6.354370040797351,464
PA14_67090,PA14_67090,212,0.0025549714544118476,0.002551713063728793,99.76033011135605,226.0,5.424950017481403,185
PA14_67180,PA14_67180,74,0.0009157198575546888,0.000915300841907051,99.91634164264315,81.0,4.406719247264253,61
PA14_67210,PA14_67210,90,0.0010852976089537052,0.0010847090992706513,99.8982533491606,96.0,4.574710978503383,77
PA14_67310,PA14_67310,5,6.783110055960658e-05,6.782880013453133e-05,99.9943474082867,6.0,1.9459101490553132,5
PA14_67350,PA14_67350,10,0.00011305183426601097,0.00011304544438898252,99.9886948165734,10.0,2.3978952727983707,7
PA14_67380,PA14_67380,24,0.0002713244022384263,0.00027128760042947,99.97286755977616,24.0,3.2188758248682006,18
PA14_67400,PA14_67400,51,0.0006104799050364592,0.0006102936379835724,99.94234356452434,54.0,4.007333185232471,47
PA14_67440,PA14_67440,73,0.0009383302244078911,0.0009378902677977526,99.91747216098581,83.0,4.430816798843313,62
PA14_67450,PA14_67450,12,0.00013566220111921315,0.00013565299983497514,99.98643377988809,12.0,2.5649493574615367,12
PA14_67490,PA14_67490,683,0.008727601605336047,0.008689736246793913,99.22785597196314,772.0,6.650279048587422,602
PA14_67510,PA14_67510,95,0.0011192131592335085,0.0011185873071166968,99.8926007574473,99.0,4.605170185988092,84
PA14_67560,PA14_67560,20,0.00022610366853202194,0.00022607811094992958,99.9773896331468,20.0,3.044522437723423,16
PA14_67580,PA14_67580,437,0.0050986377253970944,0.005085683685383199,99.50596348425753,451.0,6.113682179832232,370
PA14_67600,PA14_67600,1467,0.01925272737550167,0.019069738578744135,98.34152959131762,1703.0,7.440733707389261,1242
PA14_67670,PA14_67670,199,0.0023740885195862303,0.0023712748238653553,99.77502684981063,210.0,5.351858133476067,177
PA14_67700,PA14_67700,16,0.00018088293482561754,0.00018086657748004204,99.98191170651744,16.0,2.833213344056216,15
PA14_67720,PA14_67720,586,0.007167486292465095,0.007141921944646224,99.33751625120118,634.0,6.453624998892692,486
PA14_67740,PA14_67740,24,0.0002713244022384263,0.00027128760042947,99.97286755977616,24.0,3.2188758248682006,21
PA14_67750,PA14_67750,21,0.00023740885195862302,0.00023738067493669026,99.97625911480414,21.0,3.091042453358316,13
PA14_67810,PA14_67810,1366,0.01761347577864451,0.017460156223038065,98.45571194392629,1558.0,7.351799869057777,1146
PA14_67850,PA14_67850,4,4.5220733706404386e-05,4.521971127984905e-05,99.99547792662936,4.0,1.6094379124341003,4
PA14_67975,PA14_67975,15,0.00016957775139901646,0.00016956337471741895,99.9830422248601,15.0,2.772588722239781,14
PA14_67990,PA14_67990,15,0.00018088293482561754,0.00018086657748004204,99.9830422248601,16.0,2.833213344056216,11
PA14_68000,PA14_68000,57,0.0006896161890226669,0.0006893785130424444,99.93556045446837,61.0,4.127134385045092,47
PA14_68010,PA14_68010,6,6.783110055960658e-05,6.782880013453133e-05,99.99321688994404,6.0,1.9459101490553132,3
PA14_68060,PA14_68060,61,0.0008026680232886778,0.000802346057587069,99.93103838109774,71.0,4.276666119016055,52
PA14_68110,PA14_68110,1374,0.01569159459612232,0.015569754450216869,98.446667797185,1388.0,7.236339342754344,1096
PA14_68120,PA14_68120,1630,0.018495280085919392,0.018326322492266796,98.15725510146403,1636.0,7.400620577371135,1294
PA14_68150,PA14_68150,35,0.0004069866033576395,0.000406903806773955,99.9604318580069,36.0,3.6109179126442243,31
PA14_68170,PA14_68170,244,0.0028828217737832795,0.0028786744119183925,99.72415352439093,255.0,5.545177444479562,209
PA14_68190,PA14_68190,28,0.0003165451359448307,0.0003164950461034705,99.96834548640552,28.0,3.367295829986474,23
PA14_68200,PA14_68200,95,0.0010852976089537052,0.0010847090992706513,99.8926007574473,96.0,4.574710978503383,73
PA14_68230,PA14_68230,103,0.0012322649934995195,0.0012315063781385646,99.88355661070601,109.0,4.700480365792417,91
PA14_68250,PA14_68250,57,0.0006443954553162625,0.0006441879217158663,99.93556045446837,57.0,4.060443010546419,48
PA14_68260,PA14_68260,542,0.006342207902323215,0.006322180734822223,99.38725905827822,561.0,6.331501849893691,463
PA14_68300,PA14_68300,4705,0.07972415352439094,0.07670559510922818,94.68091119778418,7052.0,8.86120833720818,3743
PA14_68330,PA14_68330,2431,0.03673054095302696,0.03607205069213137,97.25170990899328,3249.0,8.086410275323782,2004
PA14_68340,PA14_68340,3860,0.06090102311910011,0.059118568870502104,95.63619919733198,5387.0,8.591929537530255,3142
PA14_68350,PA14_68350,6,7.913628398620767e-05,7.913315287567465e-05,99.99321688994404,7.0,2.0794415416798357,6
PA14_68360,PA14_68360,4422,0.057826013227064606,0.056215871167244434,95.000847888757,5115.0,8.540128162698734,3471
PA14_68370,PA14_68370,10,0.00011305183426601097,0.00011304544438898252,99.9886948165734,10.0,2.3978952727983707,9
PA14_68400,PA14_68400,3,3.391555027980329e-05,3.3914975160531515e-05,99.99660844497203,3.0,1.3862943611198906,3
PA14_68430,PA14_68430,403,0.004793397772878865,0.004781946022390513,99.54440110790797,424.0,6.052089168924417,349
PA14_68440,PA14_68440,4882,0.06811373014527161,0.06589422376852973,94.48080945113334,6025.0,8.703838719690246,3929
PA14_68470,PA14_68470,462,0.005697812447006952,0.005681641311320258,99.47770052569102,504.0,6.22455842927536,401
PA14_68510,PA14_68510,23,0.0002600192188118252,0.00025998541967357287,99.97399807811883,23.0,3.1780538303479458,17
PA14_68580,PA14_68580,318,0.0037759312644847663,0.0037688203306713813,99.64049516703409,334.0,5.814130531825066,274
PA14_68610,PA14_68610,111,0.001413147928325137,0.0014121503744749877,99.87451246396472,125.0,4.836281906951478,97
PA14_68630,PA14_68630,91,0.0010966027923803065,0.0010960019627456984,99.89712283081793,97.0,4.584967478670572,86
PA14_68680,PA14_68680,8,9.044146741280877e-05,9.043737782987161e-05,99.99095585325873,8.0,2.1972245773362196,6
PA14_68710,PA14_68710,7,7.913628398620767e-05,7.913315287567465e-05,99.99208637160137,7.0,2.0794415416798357,5
PA14_68730,PA14_68730,44,0.0005313436210502516,0.0005312025080125651,99.95025719292295,47.0,3.8712010109078907,39
PA14_68740,PA14_68740,128,0.0015827256797241536,0.0015814744894555248,99.85529365213951,140.0,4.948759890378168,105
PA14_68770,PA14_68770,188,0.002193205584760613,0.0021908040201676633,99.78746255157989,194.0,5.272999558563747,169
PA14_68780,PA14_68780,282,0.0033576394777005258,0.003352015192301576,99.68119382736985,297.0,5.697093486505405,224
PA14_68800,PA14_68800,7,7.913628398620767e-05,7.913315287567465e-05,99.99208637160137,7.0,2.0794415416798357,6
PA14_68810,PA14_68810,325,0.003968119382736985,0.003960267162529525,99.63258153863546,351.0,5.863631175598097,285
PA14_68820,PA14_68820,52,0.000587869538183257,0.0005876968105771786,99.94121304618167,52.0,3.970291913552122,45
PA14_68840,PA14_68840,37,0.00048612288734384713,0.0004860047678918764,99.95817082132157,43.0,3.784189633918261,32
PA14_68860,PA14_68860,3,5.6525917133005484e-05,5.652431960355255e-05,99.99660844497203,5.0,1.791759469228055,3
PA14_68870,PA14_68870,30,0.000350460686224634,0.0003503992892227442,99.9660844497202,31.0,3.4657359027997265,26
PA14_68930,PA14_68930,15,0.00016957775139901646,0.00016956337471741895,99.9830422248601,15.0,2.772588722239781,15
PA14_68955,PA14_68955,196,0.0022836470521734216,0.002281043493230377,99.77841840483862,202.0,5.313205979041787,171
PA14_69000,PA14_69000,481,0.006195240517777401,0.006176128908633909,99.45622067718048,548.0,6.3080984415095305,402
PA14_69010,PA14_69010,364,0.00422813860154881,0.004219225139600825,99.58849132327173,374.0,5.926926025970411,320
PA14_69040,PA14_69040,28,0.0003391555027980329,0.0003390980025711387,99.96834548640552,30.0,3.4339872044851463,26
PA14_69050,PA14_69050,164,0.0019218811825221865,0.001920036731714423,99.81459499180374,170.0,5.14166355650266,141
PA14_69060,PA14_69060,1167,0.013995817082132158,0.013898779994932761,98.68068509411565,1238.0,7.122059881629142,990
PA14_69070,PA14_69070,1573,0.021525069244248487,0.021296676574251237,98.22169464699564,1904.0,7.552237287560802,1330
PA14_69090,PA14_69090,883,0.010807755355830648,0.010749768995375934,99.00175230343112,956.0,6.863803391452954,740
PA14_69140,PA14_69140,19,0.00023740885195862302,0.00023738067493669026,99.97852015148946,21.0,3.091042453358316,16
PA14_69150,PA14_69150,357,0.004239443784975411,0.00423048266103245,99.59640495167034,375.0,5.929589143389895,311
PA14_69170,PA14_69170,10,0.00011305183426601097,0.00011304544438898252,99.9886948165734,10.0,2.3978952727983707,7
PA14_69190,PA14_69190,1308,0.017477813577525297,0.017326833259071094,98.52128200780058,1546.0,7.344072850573066,1102
PA14_69200,PA14_69200,407,0.004793397772878865,0.004781946022390513,99.53987903453734,424.0,6.052089168924417,348
PA14_69220,PA14_69220,1055,0.013068792041150868,0.01298413218209385,98.80730314849359,1156.0,7.053585727193677,895
PA14_69230,PA14_69230,701,0.00886326380645526,0.008824215643632356,99.20750664179526,784.0,6.665683717782408,617
PA14_69240,PA14_69240,512,0.006647447854841445,0.00662545100149719,99.42117460855803,588.0,6.3784261836515865,429
PA14_69260,PA14_69260,31,0.000350460686224634,0.0003503992892227442,99.96495393137754,31.0,3.4657359027997265,21
PA14_69300,PA14_69300,418,0.004827313323158668,0.004815699207850595,99.52744333276807,427.0,6.059123195581797,359
PA14_69340,PA14_69340,98,0.0012435701769261207,0.001242797583983013,99.88920920241931,110.0,4.709530201312334,82
PA14_69350,PA14_69350,199,0.002453224803572438,0.0024502205599907616,99.77502684981063,217.0,5.384495062789089,166
PA14_69370,PA14_69370,19,0.00021479848510542083,0.00021477541921377231,99.97852015148946,19.0,2.995732273553991,18
PA14_69420,PA14_69420,2381,0.028093380815103725,0.027706000276287352,97.30823582612628,2485.0,7.818430272070656,1981
PA14_69430,PA14_69430,193,0.002215815951613815,0.0022133646518663077,99.78180995986659,196.0,5.2832037287379885,157
PA14_69450,PA14_69450,176,0.0023966988864394323,0.0023938313844419547,99.80102877169182,212.0,5.3612921657094255,149
PA14_69520,PA14_69520,245,0.003052399525182296,0.0030477504119830177,99.72302300604827,270.0,5.602118820879701,220
PA14_69560,PA14_69560,191,0.0021592900344808096,0.0021569621182495457,99.78407099655192,191.0,5.2574953720277815,171
PA14_69590,PA14_69590,236,0.002803685489797072,0.002799762494486948,99.73319767113222,248.0,5.517452896464707,204
PA14_69670,PA14_69670,246,0.0028941269572098807,0.002889947034663283,99.72189248770562,256.0,5.54907608489522,217
PA14_69690,PA14_69690,7,7.913628398620767e-05,7.913315287567465e-05,99.99208637160137,7.0,2.0794415416798357,6
PA14_69700,PA14_69700,61,0.0007348369227290713,0.0007345670622717613,99.93103838109774,65.0,4.189654742026425,52
PA14_69710,PA14_69710,14,0.00015827256797241535,0.000158260044190959,99.98417274320276,14.0,2.70805020110221,10
PA14_69720,PA14_69720,11,0.00012435701769261207,0.00012434928599967425,99.98756429823074,11.0,2.4849066497880004,6
PA14_69850,PA14_69850,24,0.0003278503193714318,0.0003277965881990097,99.97286755977616,29.0,3.4011973816621555,13
PA14_69900,PA14_69900,3,3.391555027980329e-05,3.3914975160531515e-05,99.99660844497203,3.0,1.3862943611198906,3
PA14_69910,PA14_69910,147,0.0018201345316827765,0.0018184800940545666,99.83381380362897,161.0,5.087596335232384,128
PA14_69940,PA14_69940,55,0.000700921372449268,0.0007006758417891824,99.93782149115368,62.0,4.143134726391533,44
PA14_69980,PA14_69980,121,0.0014809790288847437,0.0014798834609847456,99.86320728053812,131.0,4.882801922586371,107
PA14_69990,PA14_69990,772,0.00938330224407891,0.009339552528510875,99.1272398394664,830.0,6.7226297948554485,658
PA14_70010,PA14_70010,213,0.002464529986999039,0.002461498013541869,99.75919959301339,218.0,5.389071729816501,190
PA14_70040,PA14_70040,379,0.004442937086654231,0.004433096378674234,99.57153354813182,393.0,5.976350909297934,313
PA14_70050,PA14_70050,451,0.005109942908823695,0.005096931456918581,99.4901362274603,452.0,6.115892125483034,384
PA14_70100,PA14_70100,562,0.0065230908371488325,0.006501907550546847,99.36464869142502,577.0,6.359573868672378,487
PA14_70110,PA14_70110,82,0.0010174665083940986,0.001016949240185232,99.90729749590187,90.0,4.51085950651685,72
PA14_70140,PA14_70140,595,0.007642303996382342,0.0076132495260346645,99.32734158611723,676.0,6.517671272912275,485
PA14_70160,PA14_70160,44,0.000587869538183257,0.0005876968105771786,99.95025719292295,52.0,3.970291913552122,39
PA14_70190,PA14_70190,305,0.003628963879938952,0.003622395077685409,99.65519190548868,321.0,5.7745515455444085,263
PA14_70240,PA14_70240,564,0.00690746707365327,0.0068837198158507255,99.3623876547397,611.0,6.416732282512326,492
PA14_70260,PA14_70260,150,0.0017409982476965689,0.0017394844669856972,99.83042224860098,154.0,5.043425116919247,113
PA14_70270,PA14_70270,1292,0.016347295234865184,0.016215116765654902,98.53937030128314,1446.0,7.277247726631484,1023
PA14_70280,PA14_70280,189,0.0021819004013340117,0.0021795235134471815,99.78633203323723,193.0,5.267858159063328,170
PA14_70360,PA14_70360,13,0.00014696738454581426,0.00014695658589777388,99.98530326154543,13.0,2.639057329615259,10
PA14_70370,PA14_70370,15,0.00016957775139901646,0.00016956337471741895,99.9830422248601,15.0,2.772588722239781,15
PA14_70390,PA14_70390,1141,0.01494545248996665,0.01483486966043504,98.71007857102482,1322.0,7.187657164114956,933
PA14_70440,PA14_70440,108,0.0012548753603527218,0.0012540886623375708,99.87790401899271,111.0,4.718498871295094,95
PA14_70450,PA14_70450,204,0.0024080040698660336,0.0024051094739337146,99.76937425809734,213.0,5.365976015021851,175
PA14_70470,PA14_70470,157,0.002091458933921203,0.002089274878396531,99.82250862020237,185.0,5.225746673713202,132
PA14_70480,PA14_70480,690,0.008942400090441468,0.008902653607647136,99.21994234356453,791.0,6.674561391814426,567
PA14_70560,PA14_70560,8,9.044146741280877e-05,9.043737782987161e-05,99.99095585325873,8.0,2.1972245773362196,7
PA14_70570,PA14_70570,530,0.006251766434910406,0.0062323052123602505,99.40082527839013,553.0,6.317164686747284,443
PA14_70580,PA14_70580,8,0.00010174665083940987,0.00010174147500001126,99.99095585325873,9.0,2.302585092994046,6
PA14_70600,PA14_70600,12,0.00015827256797241535,0.000158260044190959,99.98643377988809,14.0,2.70805020110221,7
PA14_70620,PA14_70620,236,0.0027584647560906675,0.0027546671742461628,99.73319767113222,244.0,5.501258210544727,201
PA14_70740,PA14_70740,119,0.0014922842123113447,0.0014911718627165062,99.86546831722345,132.0,4.890349128221754,100
PA14_70750,PA14_70750,3,3.391555027980329e-05,3.3914975160531515e-05,99.99660844497203,3.0,1.3862943611198906,3
PA14_70790,PA14_70790,49,0.0005765643547566559,0.0005763982053898687,99.94460460120965,51.0,3.9512437185814275,41
PA14_70930,PA14_70930,54,0.000712226555875869,0.0007119730429077254,99.93895200949635,63.0,4.1588830833596715,44
PA14_70940,PA14_70940,112,0.0013679271946187327,0.0013669924345725319,99.87338194562206,121.0,4.804021044733257,93
PA14_70950,PA14_70950,809,0.010050308066248376,0.01000013957927544,99.08541066078797,889.0,6.7912214627261855,669
PA14_70970,PA14_70970,428,0.005324741393929117,0.005310615082255793,99.51613814934147,471.0,6.156978985585555,361
PA14_70980,PA14_70980,7,0.00011305183426601097,0.00011304544438898252,99.99208637160137,10.0,2.3978952727983707,3
PA14_71000,PA14_71000,4,4.5220733706404386e-05,4.521971127984905e-05,99.99547792662936,4.0,1.6094379124341003,4
PA14_71020,PA14_71020,11,0.00012435701769261207,0.00012434928599967425,99.98756429823074,11.0,2.4849066497880004,11
PA14_71440,PA14_71440,15,0.00016957775139901646,0.00016956337471741895,99.9830422248601,15.0,2.772588722239781,12
PA14_71450,PA14_71450,76,0.0009044146741280877,0.0009040059376030076,99.91408060595784,80.0,4.394449154672439,71
PA14_71570,PA14_71570,99,0.0011305183426601098,0.0011298797880184084,99.88807868407665,100.0,4.61512051684126,88
PA14_71600,PA14_71600,31,0.000350460686224634,0.0003503992892227442,99.96495393137754,31.0,3.4657359027997265,29
PA14_71630,PA14_71630,407,0.005132553275676898,0.005119426620459369,99.53987903453734,454.0,6.12029741895095,349
PA14_71640,PA14_71640,4187,0.05248996664970889,0.051158753654575444,95.26651969928213,4643.0,8.443331342817782,3414
PA14_71650,PA14_71650,271,0.0031428409925951047,0.0031379125912639684,99.6936295291391,278.0,5.631211781821365,243
PA14_71710,PA14_71710,439,0.005313436210502515,0.005299369713941748,99.50370244757221,470.0,6.154858094016418,387
PA14_71720,PA14_71720,77,0.0008818043072748856,0.0008814157462631264,99.91295008761517,78.0,4.3694478524670215,68
PA14_71780,PA14_71780,417,0.0050986377253970944,0.005085683685383199,99.52857385111074,451.0,6.113682179832232,366
PA14_71820,PA14_71820,4,4.5220733706404386e-05,4.521971127984905e-05,99.99547792662936,4.0,1.6094379124341003,3
PA14_71840,PA14_71840,378,0.004273359335255214,0.004264254464956566,99.57266406647449,378.0,5.937536205082426,327
PA14_71850,PA14_71850,18,0.00020349330167881974,0.00020347259972533063,99.97965066983213,18.0,2.9444389791664403,17
PA14_71870,PA14_71870,131,0.001627946413430558,0.0016266227450474687,99.85190209711152,144.0,4.976733742420574,114
PA14_71900,PA14_71900,1567,0.019953648747950935,0.01975718385967272,98.2284777570516,1765.0,7.476472381163905,1310
PA14_71910,PA14_71910,72,0.0008478887569950823,0.0008475295023805865,99.91860267932847,75.0,4.330733340286331,68
PA14_71930,PA14_71930,6,6.783110055960658e-05,6.782880013453133e-05,99.99321688994404,6.0,1.9459101490553132,5
PA14_71940,PA14_71940,803,0.00937199706065231,0.009328352376188686,99.09219377084393,829.0,6.721425700790643,702
PA14_71970,PA14_71970,75,0.0009383302244078911,0.0009378902677977526,99.9152111243005,83.0,4.430816798843313,61
PA14_71990,PA14_71990,55,0.000700921372449268,0.0007006758417891824,99.93782149115368,62.0,4.143134726391533,46
PA14_72080,PA14_72080,6,6.783110055960658e-05,6.782880013453133e-05,99.99321688994404,6.0,1.9459101490553132,5
PA14_72110,PA14_72110,10,0.00016957775139901646,0.00016956337471741895,99.9886948165734,15.0,2.772588722239781,9
PA14_72220,PA14_72220,548,0.006410039002882822,0.006389582076134431,99.38047594822226,567.0,6.342121418721152,457
PA14_72230,PA14_72230,11,0.00012435701769261207,0.00012434928599967425,99.98756429823074,11.0,2.4849066497880004,8
PA14_72250,PA14_72250,9,0.00010174665083940987,0.00010174147500001126,99.98982533491606,9.0,2.302585092994046,8
PA14_72260,PA14_72260,30,0.0003391555027980329,0.0003390980025711387,99.9660844497202,30.0,3.4339872044851463,27
PA14_72320,PA14_72320,95,0.0012322649934995195,0.0012315063781385646,99.8926007574473,109.0,4.700480365792417,78
PA14_72380,PA14_72380,6,6.783110055960658e-05,6.782880013453133e-05,99.99321688994404,6.0,1.9459101490553132,5
PA14_72400,PA14_72400,7,7.913628398620767e-05,7.913315287567465e-05,99.99208637160137,7.0,2.0794415416798357,6
PA14_72420,PA14_72420,422,0.004985585891131084,0.004973199011301422,99.52292125939744,441.0,6.091309882077698,357
PA14_72460,PA14_72460,24,0.0002713244022384263,0.00027128760042947,99.97286755977616,24.0,3.2188758248682006,20
PA14_72480,PA14_72480,144,0.0017296930642699678,0.001728198867974196,99.83720535865695,153.0,5.0369526024136295,125
PA14_72490,PA14_72490,371,0.004284664518681816,0.004275511479483863,99.5805776948731,379.0,5.940171252720432,321
PA14_72500,PA14_72500,317,0.003595048329659149,0.00358860158968733,99.64162568537674,318.0,5.765191102784844,274
PA14_72510,PA14_72510,925,0.011859137414504551,0.011789368898972074,98.9542705330394,1049.0,6.956545443151569,779
PA14_72540,PA14_72540,120,0.0014583686620315414,0.0014573062752299907,99.86433779888078,129.0,4.867534450455582,108
PA14_72580,PA14_72580,4,6.783110055960658e-05,6.782880013453133e-05,99.99547792662936,6.0,1.9459101490553132,4
PA14_72600,PA14_72600,264,0.0030863150754620993,0.0030815621818633334,99.70154315753773,273.0,5.6131281063880705,232
PA14_72630,PA14_72630,16,0.00018088293482561754,0.00018086657748004204,99.98191170651744,16.0,2.833213344056216,14
PA14_72640,PA14_72640,92,0.0010966027923803065,0.0010960019627456984,99.89599231247527,97.0,4.584967478670572,75
PA14_72660,PA14_72660,8,0.00010174665083940987,0.00010174147500001126,99.99095585325873,9.0,2.302585092994046,7
PA14_72690,PA14_72690,838,0.009846814764569556,0.009798650800399338,99.05262562885083,871.0,6.77078942390898,723
PA14_72710,PA14_72710,76,0.0008591939404216833,0.0008588250445949717,99.91408060595784,76.0,4.343805421853684,72
PA14_72720,PA14_72720,248,0.0029393476909162853,0.0029350362549655806,99.71963145102029,260.0,5.564520407322694,221
PA14_72750,PA14_72750,185,0.002193205584760613,0.0021908040201676633,99.79085410660788,194.0,5.272999558563747,151
PA14_72760,PA14_72760,34,0.00046351252049064496,0.00046340513174505645,99.96156237634956,41.0,3.7376696182833684,27
PA14_72800,PA14_72800,59,0.0007235317393024702,0.0007232701164009573,99.93329941778305,64.0,4.174387269895637,45
PA14_72810,PA14_72810,358,0.004115086767282799,0.004106642954486866,99.59527443332769,364.0,5.8998973535824915,313
PA14_72840,PA14_72840,307,0.003628963879938952,0.003622395077685409,99.65293086880335,321.0,5.7745515455444085,271
PA14_72880,PA14_72880,9,0.00010174665083940987,0.00010174147500001126,99.98982533491606,9.0,2.302585092994046,6
PA14_72930,PA14_72930,166,0.0020801537504946017,0.00207799322631128,99.81233395511843,184.0,5.220355825078325,144
PA14_72970,PA14_72970,147,0.0017183878808433666,0.0017169131415965121,99.83381380362897,152.0,5.030437921392435,131
PA14_73140,PA14_73140,242,0.0028376010400768753,0.0028335826501756215,99.72641456107625,251.0,5.529429087511423,204
PA14_73150,PA14_73150,20,0.00022610366853202194,0.00022607811094992958,99.9773896331468,20.0,3.044522437723423,18
PA14_73160,PA14_73160,8,9.044146741280877e-05,9.043737782987161e-05,99.99095585325873,8.0,2.1972245773362196,6
PA14_73170,PA14_73170,151,0.0017862189814029732,0.001784625589427372,99.82929173025832,158.0,5.0689042022202315,136
PA14_73200,PA14_73200,2021,0.024396585834605168,0.024103742493677985,97.71522242948392,2158.0,7.677400430514807,1693
PA14_73220,PA14_73220,304,0.0034593861285399357,0.0034534162165388055,99.65632242383133,306.0,5.726847747587197,268
PA14_73230,PA14_73230,498,0.00608218868351139,0.006063766832963433,99.43700186535527,538.0,6.289715570908998,429
PA14_73240,PA14_73240,995,0.013272285342829688,0.013184980207763455,98.87513424905319,1174.0,7.069023426578259,858
PA14_73250,PA14_73250,816,0.010332937651913402,0.01027991777294993,99.07749703238935,914.0,6.818924065275521,680
PA14_73260,PA14_73260,2521,0.036662709852467355,0.036006620653177154,97.14996325815386,3243.0,8.084562415235304,2081
PA14_73280,PA14_73280,1278,0.016234243400599174,0.016103877110828082,98.55519755808038,1436.0,7.270312886079025,1092
PA14_73290,PA14_73290,271,0.0032219772765813125,0.003216797830186284,99.6936295291391,285.0,5.655991810819852,241
PA14_73300,PA14_73300,312,0.0038098468147645696,0.003802607729101229,99.64727827709005,337.0,5.823045895483019,275
PA14_73310,PA14_73310,363,0.004465547453507433,0.004455606480083192,99.58962184161439,395.0,5.981414211254481,295
PA14_73330,PA14_73330,62,0.000700921372449268,0.0007006758417891824,99.92990786275507,62.0,4.143134726391533,55
PA14_73350,PA14_73350,2542,0.029563054660561867,0.029134493459150063,97.12622237295801,2615.0,7.86940171257709,2093
PA14_73360,PA14_73360,167,0.0019331863659487875,0.0019313201659405838,99.81120343677577,171.0,5.147494476813453,150
PA14_73370,PA14_73370,15,0.00016957775139901646,0.00016956337471741895,99.9830422248601,15.0,2.772588722239781,14
PA14_73400,PA14_73400,870,0.010118139166807982,0.0100672934848599,99.0164490418857,895.0,6.79794041297493,770
PA14_73410,PA14_73410,2767,0.03491040642134419,0.034314859126354715,96.87185574585948,3088.0,8.035602692918582,2267
PA14_73420,PA14_73420,3298,0.042089197897235885,0.041227542256000796,96.27155050590696,3723.0,8.222553638396958,2715
